Key,FinancialCase,CostCase,CRPYears,Technology,TechDetail,2018,2019,2020,2021,2022,2023,2024,2025,2026,2027,2028,2029,2030,2031,2032,2033,2034,2035,2036,2037,2038,2039,2040,2041,2042,2043,2044,2045,2046,2047,2048,2049,2050
RA3CSClass11,RD,Advanced,30,CSP,Class1,7834.580674,7472.204396,7109.828119,6747.451842,6221.510115,5905.288227,5542.417152,5179.546076,4816.675001,4453.803925,4090.93285,3728.061774,3365.190699,3331.642357,3298.094015,3264.545673,3230.997331,3197.448989,3163.900647,3130.352305,3096.803963,3063.255621,3029.707279,2996.158937,2962.610595,2929.062253,2895.51391,2861.965568,2828.417226,2794.868884,2761.320542,2727.7722,2694.223858
RM3CSClass11,RD,Moderate,30,CSP,Class1,7834.580674,7472.204396,7109.828119,6747.451842,6391.646882,6157.977465,5931.088952,5723.997215,5532.338288,5357.76996,5199.581017,5053.286506,4922.924289,4805.418944,4700.307514,4607.38637,4523.126721,4450.945957,4386.115662,4329.642904,4281.659744,4239.797182,4203.617713,4171.759403,4144.537284,4121.585417,4100.432987,4080.34812,4062.764317,4043.747013,4025.095647,4005.376717,3982.08916
RC3CSClass11,RD,Conservative,30,CSP,Class1,7834.580674,7472.204396,7109.828119,6747.451842,6747.451842,6747.451842,6747.451842,6747.451842,6747.451842,6747.451842,6747.451842,6747.451842,6747.451842,6747.451842,6747.451842,6747.451842,6747.451842,6747.451842,6747.451842,6747.451842,6747.451842,6747.451842,6747.451842,6747.451842,6747.451842,6747.451842,6747.451842,6747.451842,6747.451842,6747.451842,6747.451842,6747.451842,6747.451842
RA3CSClass33,RD,Advanced,30,CSP,Class3,7834.580674,7472.204396,7109.828119,6747.451842,6221.510115,5905.288227,5542.417152,5179.546076,4816.675001,4453.803925,4090.93285,3728.061774,3365.190699,3331.642357,3298.094015,3264.545673,3230.997331,3197.448989,3163.900647,3130.352305,3096.803963,3063.255621,3029.707279,2996.158937,2962.610595,2929.062253,2895.51391,2861.965568,2828.417226,2794.868884,2761.320542,2727.7722,2694.223858
RM3CSClass33,RD,Moderate,30,CSP,Class3,7834.580674,7472.204396,7109.828119,6747.451842,6391.646882,6157.977465,5931.088952,5723.997215,5532.338288,5357.76996,5199.581017,5053.286506,4922.924289,4805.418944,4700.307514,4607.38637,4523.126721,4450.945957,4386.115662,4329.642904,4281.659744,4239.797182,4203.617713,4171.759403,4144.537284,4121.585417,4100.432987,4080.34812,4062.764317,4043.747013,4025.095647,4005.376717,3982.08916
RC3CSClass33,RD,Conservative,30,CSP,Class3,7834.580674,7472.204396,7109.828119,6747.451842,6747.451842,6747.451842,6747.451842,6747.451842,6747.451842,6747.451842,6747.451842,6747.451842,6747.451842,6747.451842,6747.451842,6747.451842,6747.451842,6747.451842,6747.451842,6747.451842,6747.451842,6747.451842,6747.451842,6747.451842,6747.451842,6747.451842,6747.451842,6747.451842,6747.451842,6747.451842,6747.451842,6747.451842,6747.451842
RA3CSClass55,RD,Advanced,30,CSP,Class5,7834.580674,7472.204396,7109.828119,6747.451842,6221.510115,5905.288227,5542.417152,5179.546076,4816.675001,4453.803925,4090.93285,3728.061774,3365.190699,3331.642357,3298.094015,3264.545673,3230.997331,3197.448989,3163.900647,3130.352305,3096.803963,3063.255621,3029.707279,2996.158937,2962.610595,2929.062253,2895.51391,2861.965568,2828.417226,2794.868884,2761.320542,2727.7722,2694.223858
RM3CSClass55,RD,Moderate,30,CSP,Class5,7834.580674,7472.204396,7109.828119,6747.451842,6391.646882,6157.977465,5931.088952,5723.997215,5532.338288,5357.76996,5199.581017,5053.286506,4922.924289,4805.418944,4700.307514,4607.38637,4523.126721,4450.945957,4386.115662,4329.642904,4281.659744,4239.797182,4203.617713,4171.759403,4144.537284,4121.585417,4100.432987,4080.34812,4062.764317,4043.747013,4025.095647,4005.376717,3982.08916
RC3CSClass55,RD,Conservative,30,CSP,Class5,7834.580674,7472.204396,7109.828119,6747.451842,6747.451842,6747.451842,6747.451842,6747.451842,6747.451842,6747.451842,6747.451842,6747.451842,6747.451842,6747.451842,6747.451842,6747.451842,6747.451842,6747.451842,6747.451842,6747.451842,6747.451842,6747.451842,6747.451842,6747.451842,6747.451842,6747.451842,6747.451842,6747.451842,6747.451842,6747.451842,6747.451842,6747.451842,6747.451842
RA3OfOTRG11,RD,Advanced,30,OffShoreWind,OTRG1,4066.303866,3786.594906,3554.014318,3346.972499,3158.554202,2985.462534,2825.71351,2677.903666,2540.920488,2413.811823,2295.722049,2185.859507,2083.479706,1987.876929,1898.380441,1854.083622,1814.667329,1779.594173,1748.347254,1720.426995,1695.348423,1672.638841,1651.835844,1632.485668,1614.141871,1596.364328,1578.718564,1560.775415,1542.111022,1522.307198,1500.952146,1477.641599,1451.980392
RM3OfOTRG11,RD,Moderate,30,OffShoreWind,OTRG1,4066.303866,3837.727367,3649.916878,3485.059617,3337.24511,3203.575632,3082.28247,2972.117215,2872.104968,2781.428475,2699.367786,2625.266274,2558.510309,2498.516482,2444.723249,2396.585277,2353.569506,2315.152343,2280.817608,2250.055014,2222.359014,2197.227922,2174.16322,2152.669026,2132.251656,2112.419282,2092.681654,2072.549865,2051.536169,2029.153817,2004.91693,1978.340388,1948.939736
RC3OfOTRG11,RD,Conservative,30,OffShoreWind,OTRG1,4066.303866,3941.928441,3865.547449,3797.214347,3735.243026,3678.750947,3627.156708,3580.017685,3536.964202,3497.668636,3461.829313,3429.161452,3399.391737,3372.254915,3347.491566,3324.84659,3304.068164,3284.906988,3267.115741,3250.448672,3234.661296,3219.510157,3204.752643,3190.146846,3175.451446,3160.425614,3144.828946,3128.421394,3110.963219,3092.21495,3071.937347,3049.891373,3025.838167
RA3OfOTRG22,RD,Advanced,30,OffShoreWind,OTRG2,4114.481494,3831.077472,3596.087385,3387.154781,3197.127654,3022.604636,2861.546351,2712.516383,2574.380982,2446.173483,2327.027897,2216.144903,2112.774197,2016.20557,1925.764773,1881.121804,1841.387398,1806.021007,1774.502881,1746.330841,1721.017519,1698.087984,1677.077737,1657.531035,1638.999546,1621.041345,1603.220219,1585.105328,1566.271196,1546.298063,1524.772613,1501.289103,1475.450948
RM3OfOTRG22,RD,Moderate,30,OffShoreWind,OTRG2,4114.481494,3882.878807,3693.132398,3526.804779,3377.788693,3243.097953,3120.915972,3009.965177,2909.251337,2817.943534,2735.311652,2660.691175,2593.46213,2533.035852,2478.846324,2430.344327,2386.993356,2348.266709,2313.645368,2282.616418,2254.671856,2229.307676,2206.023157,2184.320305,2163.703406,2143.678669,2123.753936,2103.438441,2082.242621,2059.677945,2035.256785,2008.492297,1978.898328
RC3OfOTRG22,RD,Conservative,30,OffShoreWind,OTRG2,4114.481494,3988.43993,3911.462063,3842.662161,3780.301292,3723.472988,3671.58274,3624.17981,3580.88903,3541.378797,3505.344389,3472.498584,3442.566041,3415.279768,3390.378814,3367.60671,3346.710376,3327.439349,3309.545214,3292.781183,3276.901779,3261.662593,3246.82009,3232.131462,3217.35451,3202.247549,3186.569328,3170.078968,3152.53591,3133.699871,3113.330808,3091.18889,3067.034466
RA3OfOTRG33,RD,Advanced,30,OffShoreWind,OTRG3,4278.530788,3984.35543,3739.516137,3521.473623,3323.005377,3140.665106,2972.376326,2816.667984,2672.372292,2538.48852,2414.116473,2298.422577,2190.622443,2089.972179,1995.76451,1949.093846,1907.568753,1870.622685,1837.710629,1808.305782,1781.896701,1757.98485,1736.082517,1715.71108,1696.399616,1677.683849,1659.105444,1640.211656,1620.555328,1599.69527,1577.197033,1552.634098,1525.58955
RM3OfOTRG33,RD,Moderate,30,OffShoreWind,OTRG3,4278.530788,4038.134722,3840.421857,3666.79309,3511.073394,3370.23257,3242.418919,3126.323858,3020.924302,2925.361724,2838.879165,2760.785766,2690.435549,2627.214083,2570.529757,2519.807887,2474.486598,2434.013894,2397.84552,2365.443373,2336.274295,2309.809161,2285.522151,2262.890197,2241.392526,2220.510301,2199.726334,2178.524839,2156.391238,2132.811998,2107.274494,2079.26689,2048.278048
RC3OfOTRG33,RD,Conservative,30,OffShoreWind,OTRG3,4278.530788,4147.730734,4067.256526,3995.238207,3929.913049,3870.357123,3815.960835,3766.259456,3720.864403,3679.430984,3641.641602,3607.196285,3575.807036,3547.19427,3521.08449,3497.208713,3475.301373,3455.099539,3436.342344,3418.770562,3402.126288,3386.152688,3370.593816,3355.194453,3339.699999,3323.856365,3307.409904,3290.107343,3271.695732,3251.922398,3230.534911,3207.281051,3181.908785
RA3OfOTRG44,RD,Advanced,30,OffShoreWind,OTRG4,4442.833138,4137.62594,3883.143771,3656.337141,3449.813839,3260.040708,3084.883695,2922.826606,2772.66241,2633.354193,2503.967349,2383.635103,2271.540851,2166.909443,2069.003361,2020.416232,1977.192984,1938.743084,1904.498312,1873.90933,1846.442724,1821.578473,1798.807782,1777.63129,1757.557622,1738.102301,1718.787021,1699.139278,1678.692379,1656.98584,1633.56619,1607.988229,1579.816764
RM3OfOTRG44,RD,Moderate,30,OffShoreWind,OTRG4,4442.833138,4193.426598,3987.92012,3807.287987,3645.206176,3498.565761,3365.462649,3244.548001,3134.764854,3035.224481,2945.141992,2863.800073,2790.527295,2724.68448,2665.655784,2612.842661,2565.659665,2523.53145,2485.890582,2452.175916,2421.831368,2394.304967,2369.048132,2345.515087,2323.162406,2301.448643,2279.834035,2257.780255,2234.750209,2210.207874,2183.618152,2154.446754,2122.160102
RC3OfOTRG44,RD,Conservative,30,OffShoreWind,OTRG4,4442.833138,4307.144029,4223.365266,4148.34297,4080.269555,4018.194984,3961.490576,3909.675749,3862.347772,3819.148786,3779.74863,3743.835165,3711.108491,3681.277311,3654.05655,3629.165748,3606.32794,3585.268854,3565.716327,3547.399876,3530.050365,3513.399758,3497.180922,3481.12747,3464.973645,3448.454217,3431.304405,3413.259809,3394.056362,3373.430279,3351.118024,3326.856274,3300.381899
RA3OfOTRG55,RD,Advanced,30,OffShoreWind,OTRG5,4661.975216,4340.199639,4074.540402,3838.780539,3624.548048,3427.8756,3246.397193,3078.456983,2922.7564,2778.19455,2643.789815,2518.639485,2401.898632,2292.76925,2190.49505,2140.221312,2095.457674,2055.597217,2020.056706,1988.272891,1959.699354,1933.803808,1910.065808,1887.974849,1867.028846,1846.732972,1826.598886,1806.144328,1784.8931,1762.375454,1738.128892,1711.699429,1682.643354
RM3OfOTRG55,RD,Moderate,30,OffShoreWind,OTRG5,4661.975216,4399.003198,4184.509458,3996.886256,3828.994008,3677.355364,3539.865366,3415.05153,3301.773842,3199.08392,3106.151659,3022.22393,2946.59987,2878.615351,2817.632825,2763.034448,2714.217298,2670.589955,2631.570016,2596.582238,2565.057143,2536.429941,2510.139699,2485.628682,2462.341833,2439.726348,2417.23134,2394.307558,2370.407159,2344.983513,2317.491049,2287.385117,2254.121875
RC3OfOTRG55,RD,Conservative,30,OffShoreWind,OTRG5,4661.975216,4518.828259,4432.141241,4354.780564,4284.718985,4220.906064,4162.657414,4109.457343,4060.878834,4016.545987,3976.114448,3939.260393,3905.673939,3875.055004,3847.11059,3821.55296,3798.098354,3776.466081,3756.377855,3737.557298,3719.729573,3702.62109,3685.959289,3669.472465,3652.889625,3635.940376,3618.354839,3599.86357,3580.197501,3559.087886,3536.266264,3511.464418,3484.414347
RA3OfOTRG66,RD,Advanced,30,OffShoreWind,OTRG6,4628.956215,4310.254424,4045.754865,3810.492142,3596.476465,3399.90503,3218.495095,3050.63659,2895.056942,2750.669792,2616.500952,2491.650527,2375.273299,2266.56884,2164.776976,2114.486644,2069.729512,2029.896271,1994.400987,1962.677478,1934.176212,1908.361647,1884.709964,1862.707196,1841.847711,1821.633079,1801.571299,1781.176415,1759.968507,1737.474093,1713.22695,1686.769393,1657.654056
RM3OfOTRG66,RD,Moderate,30,OffShoreWind,OTRG6,4628.956215,4368.509985,4154.932124,3967.630681,3799.781005,3648.043273,3510.383574,3385.369833,3271.886339,3168.999731,3075.889195,2991.807164,2916.055805,2847.972241,2786.918887,2732.276908,2683.441667,2639.819475,2600.825218,2565.880601,2534.412809,2505.853492,2479.63797,2455.204604,2431.994303,2409.450123,2387.016942,2364.141193,2340.270653,2314.85425,2287.341921,2257.184478,2223.833506
RC3OfOTRG66,RD,Conservative,30,OffShoreWind,OTRG6,4628.956215,4487.224679,4400.509066,4322.98132,4252.697057,4188.641382,4130.14772,4076.710016,4027.906602,3983.364442,3942.740524,3905.711369,3871.966764,3841.205822,3813.134398,3787.463351,3763.907327,3742.183891,3722.012894,3703.116009,3685.216368,3668.038295,3651.307092,3634.748874,3618.090433,3601.059137,3583.382835,3564.789797,3545.008646,3523.768316,3500.798007,3475.827154,3448.585398
RA3OfOTRG77,RD,Advanced,30,OffShoreWind,OTRG7,4670.643507,4353.113592,4082.560669,3839.21536,3616.658195,3411.745961,3222.513563,3047.509596,2885.53546,2735.529274,2596.510518,2467.552983,2347.771924,2236.318658,2132.37916,2079.740637,2033.001107,1991.511755,1954.646636,1921.799264,1892.379643,1865.811671,1841.530923,1818.982788,1797.620978,1776.906404,1756.306443,1735.294589,1713.350519,1689.960584,1664.618751,1636.828035,1606.102485
RM3OfOTRG77,RD,Moderate,30,OffShoreWind,OTRG7,4670.643507,4411.224936,4192.655402,3998.545264,3823.35291,3664.282615,3519.567658,3387.915537,3268.28303,3159.770601,3061.567393,2972.920268,2893.115274,2821.466004,2757.305978,2699.983492,2648.858028,2603.297696,2562.677363,2526.377266,2493.781964,2464.279532,2437.260936,2412.11954,2388.250715,2365.051525,2341.920466,2318.257264,2293.4627,2266.938465,2238.087043,2206.311609,2171.015945
RC3OfOTRG77,RD,Conservative,30,OffShoreWind,OTRG7,4670.643507,4529.677843,4438.91335,4357.051152,4282.477749,4214.312035,4151.947364,4094.903578,4042.767006,3995.162301,3951.737771,3912.157117,3876.094493,3843.231399,3813.254652,3785.855007,3760.726205,3737.564288,3716.0671,3695.933916,3676.865165,3658.562215,3640.727202,3623.062905,3605.272637,3587.060161,3568.129623,3548.185499,3526.932544,3504.075756,3479.320345,3452.371705,3422.935393
RA3OfOTRG88,RD,Advanced,30,OffShoreWind,OTRG8,5679.800566,5180.733852,4750.987919,4367.279355,4021.467029,3709.088188,3426.980619,3172.539684,2943.43535,2737.493711,2552.646675,2386.912536,2238.391025,2105.264949,1985.804368,1919.503397,1863.015533,1815.165023,1774.833095,1740.949609,1712.484982,1688.442617,1667.852058,1649.763112,1633.241116,1617.363519,1601.217869,1583.901315,1564.521687,1542.200296,1516.076594,1485.315011,1449.114402
RM3OfOTRG88,RD,Moderate,30,OffShoreWind,OTRG8,5679.800566,5270.088002,4917.190202,4601.921719,4317.503953,4060.298768,3827.844892,3618.22342,3429.800546,3261.106797,3110.774123,2977.500485,2860.028661,2757.132934,2667.610377,2590.27496,2523.953451,2467.48248,2419.706408,2379.475739,2345.645918,2317.076412,2292.629993,2271.172179,2251.57078,2232.695542,2213.417852,2192.610503,2169.147491,2141.903857,2109.755547,2071.579298,2026.252539
RC3OfOTRG88,RD,Conservative,30,OffShoreWind,OTRG8,5679.800566,5473.03551,5304.836768,5150.969281,5009.667768,4879.870188,4760.778036,4651.714258,4552.065644,4461.25578,4378.730965,4303.952282,4236.390846,4175.524828,4120.837505,4071.815935,4027.950041,3988.731958,3953.65555,3922.216055,3893.909821,3868.234094,3844.686862,3822.766725,3801.972799,3781.804633,3761.762142,3741.345559,3720.055382,3697.392346,3672.857389,3645.951624,3616.17632
RA3OfOTRG99,RD,Advanced,30,OffShoreWind,OTRG9,5782.960869,5276.110793,4841.192885,4453.388007,4104.078449,3788.589402,3503.644773,3246.570953,3014.992435,2806.703373,2619.612147,2451.719078,2301.109801,2165.955862,2044.518216,1977.526933,1920.413185,1871.993618,1831.142586,1796.783665,1767.881476,1743.434012,1722.465726,1704.021592,1687.162325,1670.960926,1654.50064,1636.874443,1617.186112,1594.553023,1568.110824,1537.020284,1500.476777
RM3OfOTRG99,RD,Moderate,30,OffShoreWind,OTRG9,5782.960869,5366.875876,5009.820928,4691.35678,4404.309002,4144.860794,3910.45361,3699.108769,3509.152411,3339.086367,3187.52091,3053.136886,2934.663059,2830.861874,2740.520142,2662.442745,2595.448239,2538.365733,2490.032596,2449.292766,2414.995464,2385.994211,2361.146063,2339.311008,2319.35149,2300.132017,2280.518858,2259.379778,2235.583834,2208.001198,2175.503008,2136.961251,2091.248652
RC3OfOTRG99,RD,Conservative,30,OffShoreWind,OTRG9,5782.960869,5572.67681,5403.208897,5248.309943,5106.12509,4975.55135,4855.767498,4746.082157,4645.872207,4554.553873,4471.567659,4396.369878,4328.427569,4267.215313,4212.213152,4162.905169,4118.778512,4079.322691,4044.029067,4012.390471,3983.900917,3958.055382,3934.349634,3912.2801,3891.343754,3871.038033,3850.86077,3830.31013,3808.884571,3786.082797,3761.403732,3734.346486,3704.410337
RA3OfOTRG100,RD,Advanced,30,OffShoreWind,OTRG10,5910.372784,5391.865378,4946.357417,4548.908836,4190.837859,3867.416815,3575.319034,3311.820291,3074.49395,2861.082677,2669.443398,2497.525479,2343.364565,2205.083594,2080.896665,2012.23274,1953.707528,1904.10634,1862.273583,1827.104085,1797.534715,1772.536533,1751.107702,1732.267399,1715.050916,1698.506119,1681.691361,1663.674953,1643.536278,1620.368663,1593.284188,1561.420722,1523.951677
RM3OfOTRG100,RD,Moderate,30,OffShoreWind,OTRG10,5910.372784,5484.711349,5118.927638,4792.478565,4498.136,4232.042137,3991.602181,3774.803392,3579.939006,3405.478611,3250.00065,3112.154404,2990.637253,2884.180385,2791.53945,2711.48823,2642.814241,2584.315585,2534.79866,2493.076454,2457.967261,2428.29369,2402.881898,2380.560987,2360.16252,2340.520138,2320.469244,2298.846745,2274.490847,2246.24087,2212.937109,2173.420707,2126.533552
RC3OfOTRG100,RD,Conservative,30,OffShoreWind,OTRG10,5910.372784,5695.36521,5521.4801,5362.493581,5216.53194,5082.476178,4959.49012,4846.867931,4743.972294,4650.205381,4564.99374,4487.779783,4418.016691,4355.165216,4298.691589,4248.0661,4202.762115,4162.25537,4126.02346,4093.545454,4064.301611,4037.773154,4013.442102,3990.791133,3969.303478,3948.462829,3927.753277,3906.659248,3884.665458,3861.256874,3835.91868,3808.136251,3777.395129
RA3OfOTRG111,RD,Advanced,30,OffShoreWind,OTRG11,6327.885482,5775.886024,5305.352975,4886.860492,4510.308899,4170.315892,3863.181637,3585.936443,3335.974528,3110.897569,2908.445451,2726.466797,2562.908466,2415.81402,2283.326025,2211.069527,2149.389382,2097.018755,2052.753337,2015.442085,1983.978345,1957.291561,1934.339809,1914.103393,1895.5797,1877.77946,1859.724543,1840.44737,1818.992031,1794.417242,1765.801303,1732.249374,1692.903569
RM3OfOTRG111,RD,Moderate,30,OffShoreWind,OTRG11,6327.885482,5874.771825,5488.662337,5145.346684,4836.418588,4557.472148,4305.600576,4078.587955,3874.581538,3691.937901,3529.142821,3384.766158,3257.434862,3145.816011,3048.605718,2964.521617,2892.297645,2830.680301,2778.425934,2734.298713,2697.069106,2665.512703,2638.409303,2614.542203,2592.69762,2571.664237,2550.232828,2527.195956,2501.34772,2471.483546,2436.400015,2394.894715,2345.766117
RC3OfOTRG111,RD,Conservative,30,OffShoreWind,OTRG11,6327.885482,6098.268289,5916.470991,5750.569435,5598.416764,5458.761923,5330.689549,5213.438991,5106.330917,5008.732873,4920.041333,4839.671602,4767.051769,4701.618908,4642.816596,4590.093227,4542.900848,4500.694319,4462.930703,4429.068818,4398.568889,4370.892289,4345.501336,4321.859127,4299.429417,4277.67651,4256.065181,4234.060603,4211.128295,4186.734071,4160.344007,4131.4244,4099.44175
RA3OfOTRG122,RD,Advanced,30,OffShoreWind,OTRG12,6598.171739,6025.645286,5541.285658,5111.759815,4725.753837,4377.343528,4062.536595,3778.184908,3521.563868,3290.19068,3081.742111,2894.01781,2724.925567,2572.477161,2434.788963,2360.670006,2297.308123,2243.41512,2197.767271,2159.195699,2126.577204,2098.825729,2074.8847,2053.72046,2034.31699,2015.672078,1996.795035,1976.706069,1954.437377,1929.03611,1899.569357,1865.13149,1824.854335
RM3OfOTRG122,RD,Moderate,30,OffShoreWind,OTRG12,6598.171739,6128.250011,5731.01273,5379.059322,5062.974956,4777.897416,4520.670542,4288.924421,4080.702439,3894.286207,3728.104368,3580.681257,3450.60618,3336.514112,3237.073068,3150.975559,3076.932644,3013.669685,2959.923247,2914.4388,2875.968979,2843.272248,2815.111866,2790.255066,2767.472408,2745.537259,2723.225363,2699.314501,2672.584203,2641.81551,2605.790773,2563.293495,2513.108179
RC3OfOTRG122,RD,Conservative,30,OffShoreWind,OTRG12,6598.171739,6359.309795,6174.000236,6005.211582,5850.568301,5708.714323,5578.675616,5459.654212,5350.944692,5251.894982,5161.885933,5080.319825,5006.613488,4940.193975,4880.495741,4826.958724,4779.027018,4736.147918,4697.771228,4663.348746,4632.333876,4604.181324,4578.346873,4554.287194,4531.459704,4509.322447,4487.334003,4464.953404,4441.640075,4416.853781,4390.054577,4360.702779,4328.258927
RA3OfOTRG133,RD,Advanced,30,OffShoreWind,OTRG13,6774.529124,6189.170417,5696.942969,5261.476772,4870.521606,4517.742304,4198.931014,3910.813686,3650.586812,3415.715788,3203.842345,3012.742073,2840.306217,2684.535342,2543.538509,2468.429487,2404.145594,2349.390725,2302.934377,2263.601799,2230.264647,2201.832313,2177.244155,2155.462851,2135.469048,2116.257479,2096.834642,2076.218128,2053.437701,2027.538232,1997.58468,1962.669419,1921.922415
RM3OfOTRG133,RD,Moderate,30,OffShoreWind,OTRG13,6774.529124,6294.108802,5890.597706,5534.117014,5214.474341,4926.460403,4666.733296,4432.811705,4222.666698,4034.530094,3866.794645,3717.957845,3586.588303,3471.304613,3370.761535,3283.640642,3208.643807,3144.488559,3089.904691,3043.631741,3004.41709,2971.014501,2942.18298,2916.685889,2893.290231,2870.766075,2847.886101,2823.425212,2796.160227,2764.869619,2728.333296,2685.332425,2634.649271
RC3OfOTRG133,RD,Conservative,30,OffShoreWind,OTRG13,6774.529124,6529.73871,6342.919887,6173.019979,6017.489048,5874.893017,5744.21597,5624.634703,5515.427313,5415.930288,5325.516151,5243.580884,5169.53639,5102.805767,5042.82021,4989.01692,4940.837644,4897.727633,4859.134885,4824.50958,4793.303656,4764.970478,4738.964586,4714.741495,4691.757536,4669.469725,4647.335666,4624.813457,4601.361626,4576.439074,4549.505021,4520.018969,4487.440665
RA3OfOTRG144,RD,Advanced,30,OffShoreWind,OTRG14,6853.491513,6252.931578,5737.74354,5278.411927,4864.693649,4491.036513,4153.552795,3849.071971,3574.778495,3328.058869,3106.435562,2907.540366,2729.106404,2568.96873,2425.068413,2345.722871,2278.072957,2220.717515,2172.323754,2131.617189,2097.371953,2068.401711,2043.551473,2021.690557,2001.706931,1982.503117,1962.993778,1942.105098,1918.776063,1891.961758,1860.638907,1823.813977,1780.534403
RM3OfOTRG144,RD,Moderate,30,OffShoreWind,OTRG14,6853.491513,6360.479516,5937.533411,5560.347411,5220.394005,4913.139532,4635.546998,4385.269153,4160.321324,3958.927821,3779.441943,3620.300935,3479.999039,3357.07056,3250.078789,3157.608506,3078.260764,3010.64916,2953.397123,2905.135891,2864.50299,2830.141057,2800.696938,2774.820963,2751.166384,2728.388911,2705.146343,2680.098265,2651.905794,2619.231375,2580.738604,2535.092082,2480.957292
RC3OfOTRG144,RD,Conservative,30,OffShoreWind,OTRG14,6853.491513,6604.30171,6403.62568,6220.213518,6051.861733,5897.261176,5755.437843,5625.572185,5506.925845,5398.807264,5300.553765,5211.521472,5131.07927,5058.605016,4993.483059,4935.102558,4882.856317,4836.139949,4794.351269,4756.88984,4723.156633,4692.553764,4664.484292,4638.352055,4613.561546,4589.517808,4565.626352,4541.29309,4515.924275,4488.926458,4459.706449,4427.671283,4392.22819
RA3OfOTRG155,RD,Advanced,30,OffShoreWind,OTRG15,#REF!,#REF!,#REF!,#REF!,#REF!,#REF!,#REF!,#REF!,#REF!,#REF!,#REF!,#REF!,#REF!,#REF!,#REF!,#REF!,#REF!,#REF!,#REF!,#REF!,#REF!,#REF!,#REF!,#REF!,#REF!,#REF!,#REF!,#REF!,#REF!,#REF!,#REF!,#REF!,#REF!
RM3OfOTRG155,RD,Moderate,30,OffShoreWind,OTRG15,#REF!,#REF!,#REF!,#REF!,#REF!,#REF!,#REF!,#REF!,#REF!,#REF!,#REF!,#REF!,#REF!,#REF!,#REF!,#REF!,#REF!,#REF!,#REF!,#REF!,#REF!,#REF!,#REF!,#REF!,#REF!,#REF!,#REF!,#REF!,#REF!,#REF!,#REF!,#REF!,#REF!
RC3OfOTRG155,RD,Conservative,30,OffShoreWind,OTRG15,#REF!,#REF!,#REF!,#REF!,#REF!,#REF!,#REF!,#REF!,#REF!,#REF!,#REF!,#REF!,#REF!,#REF!,#REF!,#REF!,#REF!,#REF!,#REF!,#REF!,#REF!,#REF!,#REF!,#REF!,#REF!,#REF!,#REF!,#REF!,#REF!,#REF!,#REF!,#REF!,#REF!
RA3UtSeattle,RD,Advanced,30,UtilityPV,Seattle,1599.901784,1405.258715,1340.034403,1274.810092,1209.58578,1144.361469,1079.137157,1013.912846,948.6885345,883.464223,818.2399116,753.0156001,687.7912887,679.2804627,670.7696367,662.2588108,653.7479848,645.2371589,636.7263329,628.215507,619.704681,611.1938551,602.6830291,594.1722032,585.6613772,577.1505512,568.6397253,560.1288993,551.6180734,543.1072474,534.5964215,526.0855955,517.5747696
RM3UtSeattle,RD,Moderate,30,UtilityPV,Seattle,1599.901784,1405.258715,1353.542857,1301.826999,1250.111141,1198.395283,1146.679426,1094.963568,1043.24771,991.531852,939.8159941,888.1001363,836.3842785,828.954629,821.5249795,814.09533,806.6656805,799.236031,791.8063815,784.376732,776.9470825,769.5174331,762.0877836,754.6581341,747.2284846,739.7988351,732.3691856,724.9395361,717.5098866,710.0802371,702.6505876,695.2209381,687.7912887
RC3UtSeattle,RD,Conservative,30,UtilityPV,Seattle,1599.901784,1405.258715,1388.723234,1372.187753,1355.652272,1339.116792,1322.581311,1306.04583,1289.510349,1272.974868,1256.439388,1239.903907,1223.368426,1204.019219,1184.670011,1165.320804,1145.971597,1126.622389,1107.273182,1087.923974,1068.574767,1049.22556,1029.876352,1010.527145,991.1779375,971.8287301,952.4795227,933.1303154,913.781108,894.4319006,875.0826932,855.7334858,836.3842785
RA3UtChicago,RD,Advanced,30,UtilityPV,Chicago,1599.901784,1405.258715,1340.034403,1274.810092,1209.58578,1144.361469,1079.137157,1013.912846,948.6885345,883.464223,818.2399116,753.0156001,687.7912887,679.2804627,670.7696367,662.2588108,653.7479848,645.2371589,636.7263329,628.215507,619.704681,611.1938551,602.6830291,594.1722032,585.6613772,577.1505512,568.6397253,560.1288993,551.6180734,543.1072474,534.5964215,526.0855955,517.5747696
RM3UtChicago,RD,Moderate,30,UtilityPV,Chicago,1599.901784,1405.258715,1353.542857,1301.826999,1250.111141,1198.395283,1146.679426,1094.963568,1043.24771,991.531852,939.8159941,888.1001363,836.3842785,828.954629,821.5249795,814.09533,806.6656805,799.236031,791.8063815,784.376732,776.9470825,769.5174331,762.0877836,754.6581341,747.2284846,739.7988351,732.3691856,724.9395361,717.5098866,710.0802371,702.6505876,695.2209381,687.7912887
RC3UtChicago,RD,Conservative,30,UtilityPV,Chicago,1599.901784,1405.258715,1388.723234,1372.187753,1355.652272,1339.116792,1322.581311,1306.04583,1289.510349,1272.974868,1256.439388,1239.903907,1223.368426,1204.019219,1184.670011,1165.320804,1145.971597,1126.622389,1107.273182,1087.923974,1068.574767,1049.22556,1029.876352,1010.527145,991.1779375,971.8287301,952.4795227,933.1303154,913.781108,894.4319006,875.0826932,855.7334858,836.3842785
RA3UtKansasy,RD,Advanced,30,UtilityPV,KansasCity,1599.901784,1405.258715,1340.034403,1274.810092,1209.58578,1144.361469,1079.137157,1013.912846,948.6885345,883.464223,818.2399116,753.0156001,687.7912887,679.2804627,670.7696367,662.2588108,653.7479848,645.2371589,636.7263329,628.215507,619.704681,611.1938551,602.6830291,594.1722032,585.6613772,577.1505512,568.6397253,560.1288993,551.6180734,543.1072474,534.5964215,526.0855955,517.5747696
RM3UtKansasy,RD,Moderate,30,UtilityPV,KansasCity,1599.901784,1405.258715,1353.542857,1301.826999,1250.111141,1198.395283,1146.679426,1094.963568,1043.24771,991.531852,939.8159941,888.1001363,836.3842785,828.954629,821.5249795,814.09533,806.6656805,799.236031,791.8063815,784.376732,776.9470825,769.5174331,762.0877836,754.6581341,747.2284846,739.7988351,732.3691856,724.9395361,717.5098866,710.0802371,702.6505876,695.2209381,687.7912887
RC3UtKansasy,RD,Conservative,30,UtilityPV,KansasCity,1599.901784,1405.258715,1388.723234,1372.187753,1355.652272,1339.116792,1322.581311,1306.04583,1289.510349,1272.974868,1256.439388,1239.903907,1223.368426,1204.019219,1184.670011,1165.320804,1145.971597,1126.622389,1107.273182,1087.923974,1068.574767,1049.22556,1029.876352,1010.527145,991.1779375,971.8287301,952.4795227,933.1303154,913.781108,894.4319006,875.0826932,855.7334858,836.3842785
RA3UtLosAngs,RD,Advanced,30,UtilityPV,LosAngeles,1599.901784,1405.258715,1340.034403,1274.810092,1209.58578,1144.361469,1079.137157,1013.912846,948.6885345,883.464223,818.2399116,753.0156001,687.7912887,679.2804627,670.7696367,662.2588108,653.7479848,645.2371589,636.7263329,628.215507,619.704681,611.1938551,602.6830291,594.1722032,585.6613772,577.1505512,568.6397253,560.1288993,551.6180734,543.1072474,534.5964215,526.0855955,517.5747696
RM3UtLosAngs,RD,Moderate,30,UtilityPV,LosAngeles,1599.901784,1405.258715,1353.542857,1301.826999,1250.111141,1198.395283,1146.679426,1094.963568,1043.24771,991.531852,939.8159941,888.1001363,836.3842785,828.954629,821.5249795,814.09533,806.6656805,799.236031,791.8063815,784.376732,776.9470825,769.5174331,762.0877836,754.6581341,747.2284846,739.7988351,732.3691856,724.9395361,717.5098866,710.0802371,702.6505876,695.2209381,687.7912887
RC3UtLosAngs,RD,Conservative,30,UtilityPV,LosAngeles,1599.901784,1405.258715,1388.723234,1372.187753,1355.652272,1339.116792,1322.581311,1306.04583,1289.510349,1272.974868,1256.439388,1239.903907,1223.368426,1204.019219,1184.670011,1165.320804,1145.971597,1126.622389,1107.273182,1087.923974,1068.574767,1049.22556,1029.876352,1010.527145,991.1779375,971.8287301,952.4795227,933.1303154,913.781108,894.4319006,875.0826932,855.7334858,836.3842785
RA3UtDaggett,RD,Advanced,30,UtilityPV,Daggett,1599.901784,1405.258715,1340.034403,1274.810092,1209.58578,1144.361469,1079.137157,1013.912846,948.6885345,883.464223,818.2399116,753.0156001,687.7912887,679.2804627,670.7696367,662.2588108,653.7479848,645.2371589,636.7263329,628.215507,619.704681,611.1938551,602.6830291,594.1722032,585.6613772,577.1505512,568.6397253,560.1288993,551.6180734,543.1072474,534.5964215,526.0855955,517.5747696
RM3UtDaggett,RD,Moderate,30,UtilityPV,Daggett,1599.901784,1405.258715,1353.542857,1301.826999,1250.111141,1198.395283,1146.679426,1094.963568,1043.24771,991.531852,939.8159941,888.1001363,836.3842785,828.954629,821.5249795,814.09533,806.6656805,799.236031,791.8063815,784.376732,776.9470825,769.5174331,762.0877836,754.6581341,747.2284846,739.7988351,732.3691856,724.9395361,717.5098866,710.0802371,702.6505876,695.2209381,687.7912887
RC3UtDaggett,RD,Conservative,30,UtilityPV,Daggett,1599.901784,1405.258715,1388.723234,1372.187753,1355.652272,1339.116792,1322.581311,1306.04583,1289.510349,1272.974868,1256.439388,1239.903907,1223.368426,1204.019219,1184.670011,1165.320804,1145.971597,1126.622389,1107.273182,1087.923974,1068.574767,1049.22556,1029.876352,1010.527145,991.1779375,971.8287301,952.4795227,933.1303154,913.781108,894.4319006,875.0826932,855.7334858,836.3842785
RA3LaLTRG11,RD,Advanced,30,LandbasedWind,LTRG1,1750.758067,1690.503495,1628.92245,1566.014932,1501.780942,1436.220479,1369.333543,1301.120135,1231.580254,1160.713901,1088.521075,1015.001776,940.1560044,927.4367975,914.6754648,901.8720061,889.0264216,876.1387112,863.2088749,850.2369127,837.2228246,824.1666106,811.0682708,797.9278051,784.7452135,771.520496,758.2536526,744.9446834,731.5935882,718.2003672,704.7650203,691.2875475,677.7679488
RM3LaLTRG11,RD,Moderate,30,LandbasedWind,LTRG1,1750.758067,1714.841821,1678.595296,1642.018493,1605.111412,1567.874054,1530.306417,1492.408502,1454.180309,1415.621838,1376.733089,1337.514063,1297.964758,1284.573528,1271.164061,1257.736357,1244.290416,1230.826239,1217.343825,1203.843173,1190.324285,1176.78716,1163.231798,1149.658199,1136.066364,1122.456291,1108.827982,1095.181436,1081.516652,1067.833632,1054.132375,1040.412882,1026.675151
RC3LaLTRG11,RD,Conservative,30,LandbasedWind,LTRG1,1750.758067,1722.210692,1693.756118,1665.394344,1637.125371,1608.949198,1580.865826,1552.875254,1524.977483,1497.172513,1469.460343,1441.840974,1414.314405,1406.494302,1398.669312,1390.839433,1383.004668,1375.165015,1367.320474,1359.471046,1351.61673,1343.757527,1335.893436,1328.024457,1320.150591,1312.271838,1304.388197,1296.499668,1288.606252,1280.707948,1272.804757,1264.896678,1256.983712
RA3LaLTRG22,RD,Advanced,30,LandbasedWind,LTRG2,1613.608873,1560.39567,1505.425272,1448.697679,1390.212892,1329.97091,1267.971733,1204.215362,1138.701795,1071.431034,1002.403079,931.6179279,859.0755826,848.5790459,838.0242712,827.4112583,816.7400074,806.0105184,795.2227914,784.3768262,773.472623,762.5101817,751.4895023,740.4105849,729.2734293,718.0780357,706.824404,695.5125342,684.1424264,672.7140804,661.2274964,649.6826743,638.0796142
RM3LaLTRG22,RD,Moderate,30,LandbasedWind,LTRG2,1613.608873,1584.179506,1554.238947,1523.787194,1492.824247,1461.350107,1429.364773,1396.868247,1363.860526,1330.341612,1296.311505,1261.770204,1226.71771,1214.265792,1201.787329,1189.282322,1176.750772,1164.192677,1151.608039,1138.996857,1126.359131,1113.694862,1101.004048,1088.286691,1075.54279,1062.772344,1049.975355,1037.151823,1024.301746,1011.425125,998.5219611,985.5922529,972.6360008
RC3LaLTRG22,RD,Conservative,30,LandbasedWind,LTRG2,1613.608873,1590.040666,1566.478536,1542.922482,1519.372505,1495.828604,1472.290779,1448.759031,1425.233359,1401.713764,1378.200244,1354.692802,1331.191435,1323.837218,1316.475856,1309.107349,1301.731697,1294.3489,1286.958958,1279.561871,1272.15764,1264.746263,1257.327741,1249.902075,1242.469263,1235.029306,1227.582205,1220.127959,1212.666567,1205.198031,1197.722349,1190.239523,1182.749552
RA3LaLTRG33,RD,Advanced,30,LandbasedWind,LTRG3,1569.557676,1521.552012,1471.509771,1419.430953,1365.315556,1309.163581,1250.975029,1190.749899,1128.488191,1064.189906,997.8550426,929.4836015,859.0755826,848.7409265,838.3266637,827.8327941,817.2593178,806.6062347,795.8735449,785.0612483,774.1693451,763.197835,752.1467182,741.0159947,729.8056644,718.5157274,707.1461837,695.6970332,684.1682759,672.5599119,660.8719412,649.1043637,637.2571795
RM3LaLTRG33,RD,Moderate,30,LandbasedWind,LTRG3,1569.557676,1544.562539,1518.917428,1492.622342,1465.677281,1438.082246,1409.837236,1380.942252,1351.397293,1321.202359,1290.357451,1258.862568,1226.71771,1214.36952,1201.985279,1189.564987,1177.108644,1164.61625,1152.087805,1139.523308,1126.922761,1114.286162,1101.613513,1088.904812,1076.160061,1063.379258,1050.562404,1037.7095,1024.820544,1011.895537,998.9344788,985.9373698,972.9042097
RC3LaLTRG33,RD,Conservative,30,LandbasedWind,LTRG3,1569.557676,1550.03262,1530.445965,1510.797711,1491.087856,1471.316403,1451.483349,1431.588696,1411.632443,1391.61459,1371.535138,1351.394086,1331.191435,1323.61879,1316.036161,1308.44355,1300.840956,1293.228379,1285.605819,1277.973276,1270.33075,1262.678241,1255.015749,1247.343275,1239.660817,1231.968377,1224.265953,1216.553547,1208.831158,1201.098786,1193.356431,1185.604093,1177.841772
RA3LaLTRG44,RD,Advanced,30,LandbasedWind,LTRG4,1555.883682,1510.098004,1462.079297,1411.82756,1359.342794,1304.624997,1247.67417,1188.490314,1127.073427,1063.423511,997.5405648,929.4245886,859.0755826,849.0772087,838.9777537,828.7772176,818.4756003,808.0729019,797.5691224,786.9642618,776.2583201,765.4512972,754.5431932,743.5340081,732.4237419,721.2123945,709.8999661,698.4864565,686.9718657,675.3561939,663.6394409,651.8216069,639.9026917
RM3LaLTRG44,RD,Moderate,30,LandbasedWind,LTRG4,1555.883682,1532.526125,1508.428034,1483.589409,1458.010248,1431.690553,1404.630322,1376.829557,1348.288258,1319.006423,1288.984054,1258.221149,1226.71771,1214.817483,1202.872227,1190.881944,1178.846632,1166.766293,1154.640925,1142.47053,1130.255106,1117.994655,1105.689176,1093.338668,1080.943133,1068.50257,1056.016978,1043.486359,1030.910712,1018.290037,1005.624334,992.9136026,980.1578436
RC3LaLTRG44,RD,Conservative,30,LandbasedWind,LTRG4,1555.883682,1537.719644,1519.453731,1501.085942,1482.616277,1464.044737,1445.371321,1426.596029,1407.718862,1388.739818,1369.6589,1350.476105,1331.191435,1323.860396,1316.516883,1309.160896,1301.792434,1294.411499,1287.018089,1279.612205,1272.193846,1264.763014,1257.319707,1249.863926,1242.395671,1234.914942,1227.421738,1219.91606,1212.397908,1204.867282,1197.324182,1189.768607,1182.200558
RA3LaLTRG55,RD,Advanced,30,LandbasedWind,LTRG5,1604.885768,1556.754981,1506.075091,1452.8461,1397.068006,1338.74081,1277.864513,1214.439113,1148.464611,1079.941007,1008.868301,935.2464928,859.0755826,850.0896236,840.9845266,831.7602915,822.4169184,812.9544073,803.3727582,793.671971,783.8520458,773.9129825,763.8547812,753.6774419,743.3809646,732.9653492,722.4305958,711.7767043,701.0036748,690.1115073,679.1002018,667.9697582,656.7201766
RM3LaLTRG55,RD,Moderate,30,LandbasedWind,LTRG5,1604.885768,1578.350264,1550.909579,1522.563711,1493.312661,1463.156429,1432.095016,1400.12842,1367.256642,1333.479682,1298.79754,1263.210216,1226.71771,1216.899732,1207.032658,1197.116489,1187.151226,1177.136867,1167.073413,1156.960864,1146.79922,1136.588481,1126.328647,1116.019718,1105.661693,1095.254574,1084.79836,1074.293051,1063.738646,1053.135147,1042.482552,1031.780863,1021.030078
RC3LaLTRG55,RD,Conservative,30,LandbasedWind,LTRG5,1604.885768,1582.979655,1560.909588,1538.675566,1516.277591,1493.715661,1470.989777,1448.099939,1425.046146,1401.8284,1378.446699,1354.901044,1331.191435,1326.13029,1321.057222,1315.97223,1310.875314,1305.766475,1300.645712,1295.513026,1290.368416,1285.211883,1280.043426,1274.863045,1269.670741,1264.466513,1259.250362,1254.022287,1248.782289,1243.530367,1238.266521,1232.990752,1227.703059
RA3LaLTRG66,RD,Advanced,30,LandbasedWind,LTRG6,1711.732444,1661.470802,1608.216139,1551.968457,1492.727754,1430.494032,1365.26729,1297.047527,1225.834745,1151.628943,1074.430121,994.2382783,911.053416,901.182475,891.1605518,880.9876464,870.663759,860.1888893,849.5630375,838.7862036,827.8583875,816.7795892,805.5498088,794.1690463,782.6373015,770.9545747,759.1208657,747.1361745,735.0005012,722.7138457,710.276208,697.6875882,684.9479863
RM3LaLTRG66,RD,Moderate,30,LandbasedWind,LTRG6,1711.732444,1697.114858,1681.545903,1665.025581,1647.553891,1629.130834,1609.756408,1589.430615,1568.153454,1545.924925,1522.745028,1498.613763,1473.531131,1456.2506,1438.883692,1421.430409,1403.890749,1386.264712,1368.552299,1350.75351,1332.868345,1314.896803,1296.838885,1278.69459,1260.463919,1242.146872,1223.743448,1205.253648,1186.677471,1168.014918,1149.265989,1130.430684,1111.509002
RC3LaLTRG66,RD,Conservative,30,LandbasedWind,LTRG6,1711.732444,1698.179767,1684.461044,1670.576274,1656.525458,1642.308595,1627.925687,1613.376732,1598.66173,1583.780683,1568.733589,1553.520448,1538.141261,1527.244402,1516.322694,1505.376139,1494.404736,1483.408485,1472.387387,1461.341441,1450.270647,1439.175006,1428.054516,1416.90918,1405.738995,1394.543963,1383.324083,1372.079355,1360.80978,1349.515357,1338.196086,1326.851968,1315.483002
RA3LaLTRG77,RD,Advanced,30,LandbasedWind,LTRG7,1926.172319,1862.875233,1795.706118,1724.664975,1649.751803,1570.966604,1488.309376,1401.78012,1311.378836,1217.105523,1118.960182,1016.942813,911.053416,903.7517292,896.2925711,888.6759415,880.9018406,872.9702682,864.8812243,856.6347091,848.2307225,839.6692644,830.9503349,822.0739341,813.0400618,803.848718,794.4999029,784.9936163,775.3298584,765.508629,755.5299282,745.393756,735.1001124
RM3LaLTRG77,RD,Moderate,30,LandbasedWind,LTRG7,1926.172319,1895.750926,1864.002496,1830.927029,1796.524523,1760.794981,1723.7384,1685.354783,1645.644127,1604.606434,1562.241704,1518.549936,1473.531131,1462.195778,1450.783471,1439.294212,1427.727999,1416.084833,1404.364714,1392.567642,1380.693616,1368.742637,1356.714705,1344.609819,1332.427981,1320.169189,1307.833444,1295.420745,1282.931094,1270.364489,1257.720931,1245.00042,1232.202955
RC3LaLTRG77,RD,Conservative,30,LandbasedWind,LTRG7,1926.172319,1895.83054,1865.12619,1834.059268,1802.629775,1770.837711,1738.683075,1706.165868,1673.28609,1640.04374,1606.438818,1572.471326,1538.141261,1535.124309,1532.094176,1529.050865,1525.994373,1522.924702,1519.841852,1516.745822,1513.636612,1510.514223,1507.378654,1504.229906,1501.067978,1497.89287,1494.704583,1491.503116,1488.28847,1485.060645,1481.819639,1478.565454,1475.29809
RA3LaLTRG88,RD,Advanced,30,LandbasedWind,LTRG8,2240.692957,2179.117965,2113.153942,2042.800889,1968.058806,1888.927693,1805.40755,1717.498377,1625.200174,1528.512941,1427.436678,1321.971384,1212.117061,1198.997677,1185.630803,1172.016438,1158.154583,1144.045237,1129.6884,1115.084073,1100.232256,1085.132948,1069.786149,1054.19186,1038.35008,1022.26081,1005.924049,989.3397982,972.5080565,955.4288242,938.1021014,920.5278881,902.7061842
RM3LaLTRG88,RD,Moderate,30,LandbasedWind,LTRG8,2240.692957,2218.005919,2193.965786,2168.572557,2141.826234,2113.726815,2084.274301,2053.468693,2021.309989,1987.79819,1952.933296,1916.715307,1879.144222,1857.646213,1836.009683,1814.23463,1792.321056,1770.26896,1748.078342,1725.749202,1703.28154,1680.675357,1657.930652,1635.047425,1612.025676,1588.865405,1565.566613,1542.129299,1518.553463,1494.839105,1470.986225,1446.994824,1422.864901
RC3LaLTRG88,RD,Conservative,30,LandbasedWind,LTRG8,2240.692957,2226.103507,2211.23901,2196.099468,2180.684879,2164.995245,2149.030564,2132.790838,2116.276065,2099.486247,2082.421382,2065.081471,2047.466515,2030.601547,2013.688748,1996.728116,1979.719653,1962.663358,1945.559231,1928.407271,1911.20748,1893.959858,1876.664403,1859.321116,1841.929997,1824.491047,1807.004264,1789.46965,1771.887203,1754.256925,1736.578815,1718.852873,1701.079099
RA3LaLTRG99,RD,Advanced,30,LandbasedWind,LTRG9,2728.461367,2636.805925,2538.840194,2434.564176,2323.97787,2207.081277,2083.874395,1954.357226,1818.529768,1676.392023,1527.94399,1373.18567,1212.117061,1204.558752,1196.772586,1188.758561,1180.516679,1172.04694,1163.349342,1154.423887,1145.270575,1135.889404,1126.280376,1116.443491,1106.378747,1096.086146,1085.565688,1074.817371,1063.841197,1052.637165,1041.205276,1029.545529,1017.657924
RM3LaLTRG99,RD,Moderate,30,LandbasedWind,LTRG9,2728.461367,2671.039303,2611.189173,2548.910976,2484.204714,2417.070384,2347.507989,2275.517527,2201.098999,2124.252404,2044.977743,1963.275016,1879.144222,1871.741303,1864.251811,1856.675744,1849.013105,1841.263891,1833.428104,1825.505743,1817.496809,1809.401301,1801.21922,1792.950564,1784.595336,1776.153533,1767.625157,1759.010207,1750.308684,1741.520587,1732.645917,1723.684672,1714.636855
RC3LaLTRG99,RD,Conservative,30,LandbasedWind,LTRG9,2728.461367,2675.735222,2622.277545,2568.088336,2513.167595,2457.515322,2401.131517,2344.01618,2286.169311,2227.59091,2168.280977,2108.239512,2047.466515,2047.584065,2047.690058,2047.784493,2047.86737,2047.938689,2047.998451,2048.046655,2048.083301,2048.10839,2048.121921,2048.123894,2048.11431,2048.093167,2048.060467,2048.01621,2047.960394,2047.893021,2047.81409,2047.723602,2047.621556
RA3LaLTRG100,RD,Advanced,30,LandbasedWind,LTRG10,2860.290991,2749.640039,2631.358743,2505.447103,2371.905118,2230.732789,2081.930116,1925.497099,1761.433737,1589.740031,1410.415981,1223.461587,1028.876848,1021.531573,1013.939967,1006.102029,998.01776,989.6871598,981.1102282,972.2869654,963.2173712,953.9014458,944.339189,934.530601,924.4756816,914.174431,903.626849,892.8329358,881.7926912,870.5061154,858.9732082,847.1939698,835.1684
RM3LaLTRG100,RD,Moderate,30,LandbasedWind,LTRG10,2860.290991,2805.821933,2749.078125,2690.059567,2628.766258,2565.198199,2499.35539,2431.23783,2360.845519,2288.178459,2213.236648,2136.020086,2056.528774,2041.679359,2026.687921,2011.554458,1996.278972,1980.861462,1965.301928,1949.60037,1933.756788,1917.771183,1901.643553,1885.3739,1868.962223,1852.408522,1835.712797,1818.875048,1801.895275,1784.773479,1767.509659,1750.103814,1732.555946
RC3LaLTRG100,RD,Conservative,30,LandbasedWind,LTRG10,2860.290991,2811.233035,2761.619131,2711.449277,2660.723474,2609.441721,2557.604019,2505.210368,2452.260768,2398.755219,2344.69372,2290.076272,2234.902875,2226.338729,2217.736418,2209.095942,2200.417302,2191.700498,2182.945528,2174.152395,2165.321096,2156.451633,2147.544005,2138.598213,2129.614256,2120.592135,2111.531848,2102.433398,2093.296782,2084.122002,2074.909058,2065.657948,2056.368675
RA3CoSeattle,RD,Advanced,30,CommPV,Seattle,"2,052 ","1,813 ","1,720 ","1,628 ","1,535 ","1,443 ","1,350 ","1,258 ","1,166 ","1,073 ",981 ,888 ,796 ,785 ,775 ,764 ,754 ,743 ,733 ,723 ,712 ,702 ,691 ,681 ,670 ,660 ,649 ,639 ,628 ,618 ,607 ,597 ,586 
RM3CoSeattle,RD,Moderate,30,CommPV,Seattle,"2,052 ","1,813 ","1,742 ","1,672 ","1,601 ","1,531 ","1,460 ","1,390 ","1,319 ","1,249 ","1,178 ","1,108 ","1,037 ","1,025 ","1,013 ","1,001 ",989 ,977 ,965 ,953 ,941 ,929 ,917 ,905 ,892 ,880 ,868 ,856 ,844 ,832 ,820 ,808 ,796 
RC3CoSeattle,RD,Conservative,30,CommPV,Seattle,"2,052 ","1,813 ","1,794 ","1,776 ","1,758 ","1,739 ","1,721 ","1,703 ","1,684 ","1,666 ","1,648 ","1,629 ","1,611 ","1,582 ","1,554 ","1,525 ","1,496 ","1,468 ","1,439 ","1,410 ","1,382 ","1,353 ","1,324 ","1,296 ","1,267 ","1,238 ","1,209 ","1,181 ","1,152 ","1,123 ","1,095 ","1,066 ","1,037 "
RA3CoChicago,RD,Advanced,30,CommPV,Chicago,"2,052 ","1,813 ","1,720 ","1,628 ","1,535 ","1,443 ","1,350 ","1,258 ","1,166 ","1,073 ",981 ,888 ,796 ,785 ,775 ,764 ,754 ,743 ,733 ,723 ,712 ,702 ,691 ,681 ,670 ,660 ,649 ,639 ,628 ,618 ,607 ,597 ,586 
RM3CoChicago,RD,Moderate,30,CommPV,Chicago,"2,052 ","1,813 ","1,742 ","1,672 ","1,601 ","1,531 ","1,460 ","1,390 ","1,319 ","1,249 ","1,178 ","1,108 ","1,037 ","1,025 ","1,013 ","1,001 ",989 ,977 ,965 ,953 ,941 ,929 ,917 ,905 ,892 ,880 ,868 ,856 ,844 ,832 ,820 ,808 ,796 
RC3CoChicago,RD,Conservative,30,CommPV,Chicago,"2,052 ","1,813 ","1,794 ","1,776 ","1,758 ","1,739 ","1,721 ","1,703 ","1,684 ","1,666 ","1,648 ","1,629 ","1,611 ","1,582 ","1,554 ","1,525 ","1,496 ","1,468 ","1,439 ","1,410 ","1,382 ","1,353 ","1,324 ","1,296 ","1,267 ","1,238 ","1,209 ","1,181 ","1,152 ","1,123 ","1,095 ","1,066 ","1,037 "
RA3CoKansasy,RD,Advanced,30,CommPV,KansasCity,"2,052 ","1,813 ","1,720 ","1,628 ","1,535 ","1,443 ","1,350 ","1,258 ","1,166 ","1,073 ",981 ,888 ,796 ,785 ,775 ,764 ,754 ,743 ,733 ,723 ,712 ,702 ,691 ,681 ,670 ,660 ,649 ,639 ,628 ,618 ,607 ,597 ,586 
RM3CoKansasy,RD,Moderate,30,CommPV,KansasCity,"2,052 ","1,813 ","1,742 ","1,672 ","1,601 ","1,531 ","1,460 ","1,390 ","1,319 ","1,249 ","1,178 ","1,108 ","1,037 ","1,025 ","1,013 ","1,001 ",989 ,977 ,965 ,953 ,941 ,929 ,917 ,905 ,892 ,880 ,868 ,856 ,844 ,832 ,820 ,808 ,796 
RC3CoKansasy,RD,Conservative,30,CommPV,KansasCity,"2,052 ","1,813 ","1,794 ","1,776 ","1,758 ","1,739 ","1,721 ","1,703 ","1,684 ","1,666 ","1,648 ","1,629 ","1,611 ","1,582 ","1,554 ","1,525 ","1,496 ","1,468 ","1,439 ","1,410 ","1,382 ","1,353 ","1,324 ","1,296 ","1,267 ","1,238 ","1,209 ","1,181 ","1,152 ","1,123 ","1,095 ","1,066 ","1,037 "
RA3CoLosAngs,RD,Advanced,30,CommPV,LosAngeles,"2,052 ","1,813 ","1,720 ","1,628 ","1,535 ","1,443 ","1,350 ","1,258 ","1,166 ","1,073 ",981 ,888 ,796 ,785 ,775 ,764 ,754 ,743 ,733 ,723 ,712 ,702 ,691 ,681 ,670 ,660 ,649 ,639 ,628 ,618 ,607 ,597 ,586 
RM3CoLosAngs,RD,Moderate,30,CommPV,LosAngeles,"2,052 ","1,813 ","1,742 ","1,672 ","1,601 ","1,531 ","1,460 ","1,390 ","1,319 ","1,249 ","1,178 ","1,108 ","1,037 ","1,025 ","1,013 ","1,001 ",989 ,977 ,965 ,953 ,941 ,929 ,917 ,905 ,892 ,880 ,868 ,856 ,844 ,832 ,820 ,808 ,796 
RC3CoLosAngs,RD,Conservative,30,CommPV,LosAngeles,"2,052 ","1,813 ","1,794 ","1,776 ","1,758 ","1,739 ","1,721 ","1,703 ","1,684 ","1,666 ","1,648 ","1,629 ","1,611 ","1,582 ","1,554 ","1,525 ","1,496 ","1,468 ","1,439 ","1,410 ","1,382 ","1,353 ","1,324 ","1,296 ","1,267 ","1,238 ","1,209 ","1,181 ","1,152 ","1,123 ","1,095 ","1,066 ","1,037 "
RA3CoDaggett,RD,Advanced,30,CommPV,Daggett,"2,052 ","1,813 ","1,720 ","1,628 ","1,535 ","1,443 ","1,350 ","1,258 ","1,166 ","1,073 ",981 ,888 ,796 ,785 ,775 ,764 ,754 ,743 ,733 ,723 ,712 ,702 ,691 ,681 ,670 ,660 ,649 ,639 ,628 ,618 ,607 ,597 ,586 
RM3CoDaggett,RD,Moderate,30,CommPV,Daggett,"2,052 ","1,813 ","1,742 ","1,672 ","1,601 ","1,531 ","1,460 ","1,390 ","1,319 ","1,249 ","1,178 ","1,108 ","1,037 ","1,025 ","1,013 ","1,001 ",989 ,977 ,965 ,953 ,941 ,929 ,917 ,905 ,892 ,880 ,868 ,856 ,844 ,832 ,820 ,808 ,796 
RC3CoDaggett,RD,Conservative,30,CommPV,Daggett,"2,052 ","1,813 ","1,794 ","1,776 ","1,758 ","1,739 ","1,721 ","1,703 ","1,684 ","1,666 ","1,648 ","1,629 ","1,611 ","1,582 ","1,554 ","1,525 ","1,496 ","1,468 ","1,439 ","1,410 ","1,382 ","1,353 ","1,324 ","1,296 ","1,267 ","1,238 ","1,209 ","1,181 ","1,152 ","1,123 ","1,095 ","1,066 ","1,037 "
RA3ReSeattle,RD,Advanced,30,ResPV,Seattle,"3,054 ","2,796 ","2,620 ","2,444 ","2,268 ","2,091 ","1,915 ","1,739 ","1,563 ","1,386 ","1,210 ","1,034 ",858 ,845 ,832 ,819 ,807 ,794 ,781 ,768 ,756 ,743 ,730 ,717 ,705 ,692 ,679 ,666 ,653 ,641 ,628 ,615 ,602 
RM3ReSeattle,RD,Moderate,30,ResPV,Seattle,"3,054 ","2,796 ","2,644 ","2,492 ","2,340 ","2,188 ","2,036 ","1,884 ","1,732 ","1,581 ","1,429 ","1,277 ","1,125 ","1,111 ","1,098 ","1,085 ","1,071 ","1,058 ","1,045 ","1,031 ","1,018 ","1,004 ",991 ,978 ,964 ,951 ,938 ,924 ,911 ,898 ,884 ,871 ,858 
RC3ReSeattle,RD,Conservative,30,ResPV,Seattle,"3,054 ","2,796 ","2,763 ","2,730 ","2,696 ","2,663 ","2,630 ","2,597 ","2,563 ","2,530 ","2,497 ","2,463 ","2,430 ","2,365 ","2,300 ","2,234 ","2,169 ","2,104 ","2,039 ","1,973 ","1,908 ","1,843 ","1,777 ","1,712 ","1,647 ","1,582 ","1,516 ","1,451 ","1,386 ","1,320 ","1,255 ","1,190 ","1,125 "
RA3ReChicago,RD,Advanced,30,ResPV,Chicago,"3,054 ","2,796 ","2,620 ","2,444 ","2,268 ","2,091 ","1,915 ","1,739 ","1,563 ","1,386 ","1,210 ","1,034 ",858 ,845 ,832 ,819 ,807 ,794 ,781 ,768 ,756 ,743 ,730 ,717 ,705 ,692 ,679 ,666 ,653 ,641 ,628 ,615 ,602 
RM3ReChicago,RD,Moderate,30,ResPV,Chicago,"3,054 ","2,796 ","2,644 ","2,492 ","2,340 ","2,188 ","2,036 ","1,884 ","1,732 ","1,581 ","1,429 ","1,277 ","1,125 ","1,111 ","1,098 ","1,085 ","1,071 ","1,058 ","1,045 ","1,031 ","1,018 ","1,004 ",991 ,978 ,964 ,951 ,938 ,924 ,911 ,898 ,884 ,871 ,858 
RC3ReChicago,RD,Conservative,30,ResPV,Chicago,"3,054 ","2,796 ","2,763 ","2,730 ","2,696 ","2,663 ","2,630 ","2,597 ","2,563 ","2,530 ","2,497 ","2,463 ","2,430 ","2,365 ","2,300 ","2,234 ","2,169 ","2,104 ","2,039 ","1,973 ","1,908 ","1,843 ","1,777 ","1,712 ","1,647 ","1,582 ","1,516 ","1,451 ","1,386 ","1,320 ","1,255 ","1,190 ","1,125 "
RA3ReKansasy,RD,Advanced,30,ResPV,KansasCity,"3,054 ","2,796 ","2,620 ","2,444 ","2,268 ","2,091 ","1,915 ","1,739 ","1,563 ","1,386 ","1,210 ","1,034 ",858 ,845 ,832 ,819 ,807 ,794 ,781 ,768 ,756 ,743 ,730 ,717 ,705 ,692 ,679 ,666 ,653 ,641 ,628 ,615 ,602 
RM3ReKansasy,RD,Moderate,30,ResPV,KansasCity,"3,054 ","2,796 ","2,644 ","2,492 ","2,340 ","2,188 ","2,036 ","1,884 ","1,732 ","1,581 ","1,429 ","1,277 ","1,125 ","1,111 ","1,098 ","1,085 ","1,071 ","1,058 ","1,045 ","1,031 ","1,018 ","1,004 ",991 ,978 ,964 ,951 ,938 ,924 ,911 ,898 ,884 ,871 ,858 
RC3ReKansasy,RD,Conservative,30,ResPV,KansasCity,"3,054 ","2,796 ","2,763 ","2,730 ","2,696 ","2,663 ","2,630 ","2,597 ","2,563 ","2,530 ","2,497 ","2,463 ","2,430 ","2,365 ","2,300 ","2,234 ","2,169 ","2,104 ","2,039 ","1,973 ","1,908 ","1,843 ","1,777 ","1,712 ","1,647 ","1,582 ","1,516 ","1,451 ","1,386 ","1,320 ","1,255 ","1,190 ","1,125 "
RA3ReLosAngs,RD,Advanced,30,ResPV,LosAngeles,"3,054 ","2,796 ","2,620 ","2,444 ","2,268 ","2,091 ","1,915 ","1,739 ","1,563 ","1,386 ","1,210 ","1,034 ",858 ,845 ,832 ,819 ,807 ,794 ,781 ,768 ,756 ,743 ,730 ,717 ,705 ,692 ,679 ,666 ,653 ,641 ,628 ,615 ,602 
RM3ReLosAngs,RD,Moderate,30,ResPV,LosAngeles,"3,054 ","2,796 ","2,644 ","2,492 ","2,340 ","2,188 ","2,036 ","1,884 ","1,732 ","1,581 ","1,429 ","1,277 ","1,125 ","1,111 ","1,098 ","1,085 ","1,071 ","1,058 ","1,045 ","1,031 ","1,018 ","1,004 ",991 ,978 ,964 ,951 ,938 ,924 ,911 ,898 ,884 ,871 ,858 
RC3ReLosAngs,RD,Conservative,30,ResPV,LosAngeles,"3,054 ","2,796 ","2,763 ","2,730 ","2,696 ","2,663 ","2,630 ","2,597 ","2,563 ","2,530 ","2,497 ","2,463 ","2,430 ","2,365 ","2,300 ","2,234 ","2,169 ","2,104 ","2,039 ","1,973 ","1,908 ","1,843 ","1,777 ","1,712 ","1,647 ","1,582 ","1,516 ","1,451 ","1,386 ","1,320 ","1,255 ","1,190 ","1,125 "
RA3ReDaggett,RD,Advanced,30,ResPV,Daggett,"3,054 ","2,796 ","2,620 ","2,444 ","2,268 ","2,091 ","1,915 ","1,739 ","1,563 ","1,386 ","1,210 ","1,034 ",858 ,845 ,832 ,819 ,807 ,794 ,781 ,768 ,756 ,743 ,730 ,717 ,705 ,692 ,679 ,666 ,653 ,641 ,628 ,615 ,602 
RM3ReDaggett,RD,Moderate,30,ResPV,Daggett,"3,054 ","2,796 ","2,644 ","2,492 ","2,340 ","2,188 ","2,036 ","1,884 ","1,732 ","1,581 ","1,429 ","1,277 ","1,125 ","1,111 ","1,098 ","1,085 ","1,071 ","1,058 ","1,045 ","1,031 ","1,018 ","1,004 ",991 ,978 ,964 ,951 ,938 ,924 ,911 ,898 ,884 ,871 ,858 
RC3ReDaggett,RD,Conservative,30,ResPV,Daggett,"3,054 ","2,796 ","2,763 ","2,730 ","2,696 ","2,663 ","2,630 ","2,597 ","2,563 ","2,530 ","2,497 ","2,463 ","2,430 ","2,365 ","2,300 ","2,234 ","2,169 ","2,104 ","2,039 ","1,973 ","1,908 ","1,843 ","1,777 ","1,712 ","1,647 ","1,582 ","1,516 ","1,451 ","1,386 ","1,320 ","1,255 ","1,190 ","1,125 "
RA3GeHydroFh,RD,Advanced,30,Geothermal,HydroFlash,6697.676815,6521.372591,6347.163067,6174.693272,6003.963208,5834.972874,5667.72227,5502.211396,5338.440252,5176.408838,5016.117154,4857.5652,4701.082544,4677.577132,4654.189246,4630.9183,4607.763708,4584.72489,4561.801265,4538.992259,4516.297298,4493.715811,4471.247232,4448.890996,4426.646541,4404.513308,4382.490742,4360.578288,4338.775397,4317.08152,4295.496112,4274.018631,4252.648538
RM3GeHydroFh,RD,Moderate,30,Geothermal,HydroFlash,6697.676815,6597.89537,6497.412272,6397.333039,6297.657671,6198.386167,6099.518529,6001.054755,5902.994846,5805.338802,5708.086623,5611.238308,5513.712957,5486.144392,5458.71367,5431.420101,5404.263001,5377.241686,5350.355478,5323.6037,5296.985682,5270.500753,5244.148249,5217.927508,5191.837871,5165.878681,5140.049288,5114.349041,5088.777296,5063.33341,5038.016743,5012.826659,4987.762526
RC3GeHydroFh,RD,Conservative,30,Geothermal,HydroFlash,6697.676815,6664.188431,6630.867489,6597.713151,6564.724586,6531.900963,6499.241458,6466.745251,6434.411524,6402.239467,6370.228269,6338.377128,6306.685242,6275.151816,6243.776057,6212.557177,6181.494391,6150.586919,6119.833984,6089.234814,6058.78864,6028.494697,5998.352224,5968.360463,5938.51866,5908.826067,5879.281937,5849.885527,5820.636099,5791.532919,5762.575254,5733.762378,5705.093566
RA3GeHydroBy,RD,Advanced,30,Geothermal,HydroBinary,8695.151354,8509.482651,8324.729191,8141.681773,7960.340398,7780.705065,7602.775775,7426.552527,7252.035321,7079.224157,6908.119036,6738.719957,6571.02692,6538.171786,6505.480927,6472.953522,6440.588754,6408.385811,6376.343882,6344.462162,6312.739851,6281.176152,6249.770271,6218.52142,6187.428813,6156.491669,6125.70921,6095.080664,6064.605261,6034.282235,6004.110824,5974.090269,5944.219818
RM3GeHydroBy,RD,Moderate,30,Geothermal,HydroBinary,8695.151354,8604.007673,8513.623841,8423.57309,8333.855422,8244.470834,8155.419328,8066.700904,7978.31556,7890.263299,7802.544119,7715.15802,7628.105003,7589.964478,7552.014655,7514.254582,7476.683309,7439.299892,7402.103393,7365.092876,7328.267412,7291.626075,7255.167944,7218.892104,7182.797644,7146.883656,7111.149237,7075.593491,7040.215524,7005.014446,6969.989374,6935.139427,6900.46373
RC3GeHydroBy,RD,Conservative,30,Geothermal,HydroBinary,8695.151354,8651.675597,8608.417219,8565.375133,8522.548258,8479.935516,8437.535839,8395.34816,8353.371419,8311.604562,8270.046539,8228.696306,8187.552825,8146.615061,8105.881985,8065.352575,8025.025812,7984.900683,7944.97618,7905.251299,7865.725043,7826.396417,7787.264435,7748.328113,7709.586473,7671.03854,7632.683347,7594.519931,7556.547331,7518.764594,7481.170771,7443.764918,7406.546093
RA3GeNFEGSFh,RD,Advanced,30,Geothermal,NFEGSFlash,20759.34038,19334.16815,17925.82572,16534.32521,15159.66664,13801.84999,12460.87527,11136.74247,9829.4516,8539.002657,7265.395641,6008.630552,4768.707389,4744.863852,4721.139532,4697.533835,4674.046166,4650.675935,4627.422555,4604.285442,4581.264015,4558.357695,4535.565906,4512.888077,4490.323637,4467.872018,4445.532658,4423.304995,4401.18847,4379.182528,4357.286615,4335.500182,4313.822681
RM3GeNFEGSFh,RD,Moderate,30,Geothermal,NFEGSFlash,20759.34038,20131.86511,19507.56769,18886.44083,18268.48454,17653.69882,17042.08368,16433.6391,15828.36509,15226.26165,14627.32878,14031.56649,13438.97476,13371.77988,13304.92098,13238.39638,13172.2044,13106.34338,13040.81166,12975.6076,12910.72956,12846.17591,12781.94504,12718.03531,12654.44513,12591.17291,12528.21704,12465.57596,12403.24808,12341.23184,12279.52568,12218.12805,12157.03741
RC3GeNFEGSFh,RD,Conservative,30,Geothermal,NFEGSFlash,20759.34038,20655.54368,20552.26596,20449.50463,20347.25711,20245.52082,20144.29322,20043.57175,19943.35389,19843.63712,19744.41894,19645.69684,19547.46836,19449.73102,19352.48236,19255.71995,19159.44135,19063.64414,18968.32592,18873.48429,18779.11687,18685.22129,18591.79518,18498.8362,18406.34202,18314.31031,18222.73876,18131.62507,18040.96694,17950.76211,17861.0083,17771.70326,17682.84474
RA3GeNFEGSBy,RD,Advanced,30,Geothermal,NFEGSBinary,47178.87704,43640.3414,40143.90497,36689.655,33277.59147,29907.71439,26580.02375,23294.51957,20051.20183,16850.07055,13691.12571,10574.36732,7499.79538,7462.296403,7424.984921,7387.859997,7350.920697,7314.166093,7277.595263,7241.207286,7205.00125,7168.976244,7133.131362,7097.465706,7061.978377,7026.668485,6991.535143,6956.577467,6921.79458,6887.185607,6852.749679,6818.48593,6784.393501
RM3GeNFEGSBy,RD,Moderate,30,Geothermal,NFEGSBinary,47178.87704,46079.32323,44985.15235,43896.37081,42812.9786,41734.97573,40662.3622,39595.138,38533.30314,37476.85762,36425.80143,35380.13459,34339.85708,34168.15779,33997.317,33827.33042,33658.19376,33489.90279,33322.45328,33155.84101,32990.06181,32825.1115,32660.98594,32497.68101,32335.19261,32173.51665,32012.64906,31852.58582,31693.32289,31534.85627,31377.18199,31220.29608,31064.1946
RC3GeNFEGSBy,RD,Conservative,30,Geothermal,NFEGSBinary,47178.87704,46942.98266,46708.26775,46474.72641,46242.35277,46011.14101,45781.08531,45552.17988,45324.41898,45097.79689,44872.3079,44647.94636,44424.70663,44202.5831,43981.57018,43761.66233,43542.85402,43325.13975,43108.51405,42892.97148,42678.50662,42465.11409,42252.78852,42041.52458,41831.31695,41622.16037,41414.04957,41206.97932,41000.94442,40795.9397,40591.96,40389.0002,40187.0552
RA3GeDeepEGh,RD,Advanced,30,Geothermal,DeepEGSFlash,20759.34038,19334.16815,17925.82572,16534.32521,15159.66664,13801.84999,12460.87527,11136.74247,9829.4516,8539.002657,7265.395641,6008.630552,4768.707389,4744.863852,4721.139532,4697.533835,4674.046166,4650.675935,4627.422555,4604.285442,4581.264015,4558.357695,4535.565906,4512.888077,4490.323637,4467.872018,4445.532658,4423.304995,4401.18847,4379.182528,4357.286615,4335.500182,4313.822681
RM3GeDeepEGh,RD,Moderate,30,Geothermal,DeepEGSFlash,20759.34038,20131.86511,19507.56769,18886.44083,18268.48454,17653.69882,17042.08368,16433.6391,15828.36509,15226.26165,14627.32878,14031.56649,13438.97476,13371.77988,13304.92098,13238.39638,13172.2044,13106.34338,13040.81166,12975.6076,12910.72956,12846.17591,12781.94504,12718.03531,12654.44513,12591.17291,12528.21704,12465.57596,12403.24808,12341.23184,12279.52568,12218.12805,12157.03741
RC3GeDeepEGh,RD,Conservative,30,Geothermal,DeepEGSFlash,20759.34038,20655.54368,20552.26596,20449.50463,20347.25711,20245.52082,20144.29322,20043.57175,19943.35389,19843.63712,19744.41894,19645.69684,19547.46836,19449.73102,19352.48236,19255.71995,19159.44135,19063.64414,18968.32592,18873.48429,18779.11687,18685.22129,18591.79518,18498.8362,18406.34202,18314.31031,18222.73876,18131.62507,18040.96694,17950.76211,17861.0083,17771.70326,17682.84474
RA3GeDeepEGy,RD,Advanced,30,Geothermal,DeepEGSBinary,47178.87704,43640.3414,40143.90497,36689.655,33277.59147,29907.71439,26580.02375,23294.51957,20051.20183,16850.07055,13691.12571,10574.36732,7499.79538,7462.296403,7424.984921,7387.859997,7350.920697,7314.166093,7277.595263,7241.207286,7205.00125,7168.976244,7133.131362,7097.465706,7061.978377,7026.668485,6991.535143,6956.577467,6921.79458,6887.185607,6852.749679,6818.48593,6784.393501
RM3GeDeepEGy,RD,Moderate,30,Geothermal,DeepEGSBinary,47178.87704,46079.32323,44985.15235,43896.37081,42812.9786,41734.97573,40662.3622,39595.138,38533.30314,37476.85762,36425.80143,35380.13459,34339.85708,34168.15779,33997.317,33827.33042,33658.19376,33489.90279,33322.45328,33155.84101,32990.06181,32825.1115,32660.98594,32497.68101,32335.19261,32173.51665,32012.64906,31852.58582,31693.32289,31534.85627,31377.18199,31220.29608,31064.1946
RC3GeDeepEGy,RD,Conservative,30,Geothermal,DeepEGSBinary,47178.87704,46942.98266,46708.26775,46474.72641,46242.35277,46011.14101,45781.08531,45552.17988,45324.41898,45097.79689,44872.3079,44647.94636,44424.70663,44202.5831,43981.57018,43761.66233,43542.85402,43325.13975,43108.51405,42892.97148,42678.50662,42465.11409,42252.78852,42041.52458,41831.31695,41622.16037,41414.04957,41206.97932,41000.94442,40795.9397,40591.96,40389.0002,40187.0552
RA3ConewAvgF,RD,Advanced,30,Coal,newAvgCF,4149.988233,4144.224561,4138.460889,4132.697217,4126.933545,4121.169872,4115.4062,4099.115851,4091.155843,4080.705536,4072.240092,4062.701679,4049.047403,4036.445785,4022.49082,4007.924437,3997.677635,3986.278808,3969.334076,3958.18801,3945.542829,3929.824548,3913.351486,3903.730276,3888.738426,3876.41934,3863.917005,3853.583639,3836.223134,3823.930031,3811.478104,3798.946649,3753.71189
RM3ConewAvgF,RD,Moderate,30,Coal,newAvgCF,4149.988233,4144.224561,4138.460889,4132.697217,4126.933545,4121.169872,4115.4062,4099.115851,4091.155843,4080.705536,4072.240092,4062.701679,4049.047403,4036.445785,4022.49082,4007.924437,3997.677635,3986.278808,3969.334076,3958.18801,3945.542829,3929.824548,3913.351486,3903.730276,3888.738426,3876.41934,3863.917005,3853.583639,3836.223134,3823.930031,3811.478104,3798.946649,3753.71189
RC3ConewAvgF,RD,Conservative,30,Coal,newAvgCF,4149.988233,4144.224561,4138.460889,4132.697217,4126.933545,4121.169872,4115.4062,4099.115851,4091.155843,4080.705536,4072.240092,4062.701679,4049.047403,4036.445785,4022.49082,4007.924437,3997.677635,3986.278808,3969.334076,3958.18801,3945.542829,3929.824548,3913.351486,3903.730276,3888.738426,3876.41934,3863.917005,3853.583639,3836.223134,3823.930031,3811.478104,3798.946649,3753.71189
RA3ConewHigF,RD,Advanced,30,Coal,newHighCF,4149.988233,4144.224561,4138.460889,4132.697217,4126.933545,4121.169872,4115.4062,4099.115851,4091.155843,4080.705536,4072.240092,4062.701679,4049.047403,4036.445785,4022.49082,4007.924437,3997.677635,3986.278808,3969.334076,3958.18801,3945.542829,3929.824548,3913.351486,3903.730276,3888.738426,3876.41934,3863.917005,3853.583639,3836.223134,3823.930031,3811.478104,3798.946649,3753.71189
RM3ConewHigF,RD,Moderate,30,Coal,newHighCF,4149.988233,4144.224561,4138.460889,4132.697217,4126.933545,4121.169872,4115.4062,4099.115851,4091.155843,4080.705536,4072.240092,4062.701679,4049.047403,4036.445785,4022.49082,4007.924437,3997.677635,3986.278808,3969.334076,3958.18801,3945.542829,3929.824548,3913.351486,3903.730276,3888.738426,3876.41934,3863.917005,3853.583639,3836.223134,3823.930031,3811.478104,3798.946649,3753.71189
RC3ConewHigF,RD,Conservative,30,Coal,newHighCF,4149.988233,4144.224561,4138.460889,4132.697217,4126.933545,4121.169872,4115.4062,4099.115851,4091.155843,4080.705536,4072.240092,4062.701679,4049.047403,4036.445785,4022.49082,4007.924437,3997.677635,3986.278808,3969.334076,3958.18801,3945.542829,3929.824548,3913.351486,3903.730276,3888.738426,3876.41934,3863.917005,3853.583639,3836.223134,3823.930031,3811.478104,3798.946649,3753.71189
RA3CoIGCCAvF,RD,Advanced,30,Coal,IGCCAvgCF,4740.305867,4698.47183,4656.637793,4614.803757,4572.96972,4492.338842,4450.504805,4425.919734,4401.150362,4375.60273,4353.769572,4323.063293,4303.598995,4285.281835,4262.032488,4242.836826,4225.314859,4204.571856,4184.371846,4165.798924,4152.022075,4136.031212,4120.563955,4109.340031,4088.851744,4079.755238,4060.153754,4050.14672,4032.140497,4017.893815,4003.581561,3988.911312,3943.60895
RM3CoIGCCAvF,RD,Moderate,30,Coal,IGCCAvgCF,4740.305867,4698.47183,4656.637793,4614.803757,4572.96972,4492.338842,4450.504805,4425.919734,4401.150362,4375.60273,4353.769572,4323.063293,4303.598995,4285.281835,4262.032488,4242.836826,4225.314859,4204.571856,4184.371846,4165.798924,4152.022075,4136.031212,4120.563955,4109.340031,4088.851744,4079.755238,4060.153754,4050.14672,4032.140497,4017.893815,4003.581561,3988.911312,3943.60895
RC3CoIGCCAvF,RD,Conservative,30,Coal,IGCCAvgCF,4740.305867,4698.47183,4656.637793,4614.803757,4572.96972,4492.338842,4450.504805,4425.919734,4401.150362,4375.60273,4353.769572,4323.063293,4303.598995,4285.281835,4262.032488,4242.836826,4225.314859,4204.571856,4184.371846,4165.798924,4152.022075,4136.031212,4120.563955,4109.340031,4088.851744,4079.755238,4060.153754,4050.14672,4032.140497,4017.893815,4003.581561,3988.911312,3943.60895
RA3CoIGCCHiF,RD,Advanced,30,Coal,IGCCHighCF,4740.305867,4698.47183,4656.637793,4614.803757,4572.96972,4492.338842,4450.504805,4425.919734,4401.150362,4375.60273,4353.769572,4323.063293,4303.598995,4285.281835,4262.032488,4242.836826,4225.314859,4204.571856,4184.371846,4165.798924,4152.022075,4136.031212,4120.563955,4109.340031,4088.851744,4079.755238,4060.153754,4050.14672,4032.140497,4017.893815,4003.581561,3988.911312,3943.60895
RM3CoIGCCHiF,RD,Moderate,30,Coal,IGCCHighCF,4740.305867,4698.47183,4656.637793,4614.803757,4572.96972,4492.338842,4450.504805,4425.919734,4401.150362,4375.60273,4353.769572,4323.063293,4303.598995,4285.281835,4262.032488,4242.836826,4225.314859,4204.571856,4184.371846,4165.798924,4152.022075,4136.031212,4120.563955,4109.340031,4088.851744,4079.755238,4060.153754,4050.14672,4032.140497,4017.893815,4003.581561,3988.911312,3943.60895
RC3CoIGCCHiF,RD,Conservative,30,Coal,IGCCHighCF,4740.305867,4698.47183,4656.637793,4614.803757,4572.96972,4492.338842,4450.504805,4425.919734,4401.150362,4375.60273,4353.769572,4323.063293,4303.598995,4285.281835,4262.032488,4242.836826,4225.314859,4204.571856,4184.371846,4165.798924,4152.022075,4136.031212,4120.563955,4109.340031,4088.851744,4079.755238,4060.153754,4050.14672,4032.140497,4017.893815,4003.581561,3988.911312,3943.60895
RA3CoCCS30AF,RD,Advanced,30,Coal,CCS30AvgCF,5299.095529,5279.293124,5259.490719,5239.688314,5219.88591,5200.083505,5180.2811,5147.214634,5124.6041,5098.850985,5075.555406,5050.896738,5021.111387,4992.632519,4962.480947,4931.583275,4905.996361,4878.980212,4845.183948,4818.472662,4789.928005,4757.660816,4724.499696,4699.610824,4668.251157,4640.104278,4611.734415,4585.941115,4551.790303,4523.665437,4495.347826,4466.931185,4400.177113
RM3CoCCS30AF,RD,Moderate,30,Coal,CCS30AvgCF,5299.095529,5279.293124,5259.490719,5239.688314,5219.88591,5200.083505,5180.2811,5147.214634,5124.6041,5098.850985,5075.555406,5050.896738,5021.111387,4992.632519,4962.480947,4931.583275,4905.996361,4878.980212,4845.183948,4818.472662,4789.928005,4757.660816,4724.499696,4699.610824,4668.251157,4640.104278,4611.734415,4585.941115,4551.790303,4523.665437,4495.347826,4466.931185,4400.177113
RC3CoCCS30AF,RD,Conservative,30,Coal,CCS30AvgCF,5299.095529,5279.293124,5259.490719,5239.688314,5219.88591,5200.083505,5180.2811,5147.214634,5124.6041,5098.850985,5075.555406,5050.896738,5021.111387,4992.632519,4962.480947,4931.583275,4905.996361,4878.980212,4845.183948,4818.472662,4789.928005,4757.660816,4724.499696,4699.610824,4668.251157,4640.104278,4611.734415,4585.941115,4551.790303,4523.665437,4495.347826,4466.931185,4400.177113
RA3CoCCS90AF,RD,Advanced,30,Coal,CCS90AvgCF,6830.74789,6805.222602,6779.697313,6754.172024,6728.646735,6703.121446,6677.596158,6634.972957,6605.827268,6572.629542,6542.599782,6510.814243,6472.419468,6435.709826,6396.843553,6357.014613,6324.031544,6289.206416,6245.641798,6211.20996,6174.415578,6132.820912,6090.075533,6057.993382,6017.568586,5981.285983,5944.71597,5911.466379,5867.445102,5831.191581,5794.688901,5758.059052,5672.00981
RM3CoCCS90AF,RD,Moderate,30,Coal,CCS90AvgCF,6830.74789,6805.222602,6779.697313,6754.172024,6728.646735,6703.121446,6677.596158,6634.972957,6605.827268,6572.629542,6542.599782,6510.814243,6472.419468,6435.709826,6396.843553,6357.014613,6324.031544,6289.206416,6245.641798,6211.20996,6174.415578,6132.820912,6090.075533,6057.993382,6017.568586,5981.285983,5944.71597,5911.466379,5867.445102,5831.191581,5794.688901,5758.059052,5672.00981
RC3CoCCS90AF,RD,Conservative,30,Coal,CCS90AvgCF,6830.74789,6805.222602,6779.697313,6754.172024,6728.646735,6703.121446,6677.596158,6634.972957,6605.827268,6572.629542,6542.599782,6510.814243,6472.419468,6435.709826,6396.843553,6357.014613,6324.031544,6289.206416,6245.641798,6211.20996,6174.415578,6132.820912,6090.075533,6057.993382,6017.568586,5981.285983,5944.71597,5911.466379,5867.445102,5831.191581,5794.688901,5758.059052,5672.00981
RA3CoCCS30HF,RD,Advanced,30,Coal,CCS30HighCF,5299.095529,5279.293124,5259.490719,5239.688314,5219.88591,5200.083505,5180.2811,5147.214634,5124.6041,5098.850985,5075.555406,5050.896738,5021.111387,4992.632519,4962.480947,4931.583275,4905.996361,4878.980212,4845.183948,4818.472662,4789.928005,4757.660816,4724.499696,4699.610824,4668.251157,4640.104278,4611.734415,4585.941115,4551.790303,4523.665437,4495.347826,4466.931185,4400.177113
RM3CoCCS30HF,RD,Moderate,30,Coal,CCS30HighCF,5299.095529,5279.293124,5259.490719,5239.688314,5219.88591,5200.083505,5180.2811,5147.214634,5124.6041,5098.850985,5075.555406,5050.896738,5021.111387,4992.632519,4962.480947,4931.583275,4905.996361,4878.980212,4845.183948,4818.472662,4789.928005,4757.660816,4724.499696,4699.610824,4668.251157,4640.104278,4611.734415,4585.941115,4551.790303,4523.665437,4495.347826,4466.931185,4400.177113
RC3CoCCS30HF,RD,Conservative,30,Coal,CCS30HighCF,5299.095529,5279.293124,5259.490719,5239.688314,5219.88591,5200.083505,5180.2811,5147.214634,5124.6041,5098.850985,5075.555406,5050.896738,5021.111387,4992.632519,4962.480947,4931.583275,4905.996361,4878.980212,4845.183948,4818.472662,4789.928005,4757.660816,4724.499696,4699.610824,4668.251157,4640.104278,4611.734415,4585.941115,4551.790303,4523.665437,4495.347826,4466.931185,4400.177113
RA3CoCCS90HF,RD,Advanced,30,Coal,CCS90HighCF,6830.74789,6805.222602,6779.697313,6754.172024,6728.646735,6703.121446,6677.596158,6634.972957,6605.827268,6572.629542,6542.599782,6510.814243,6472.419468,6435.709826,6396.843553,6357.014613,6324.031544,6289.206416,6245.641798,6211.20996,6174.415578,6132.820912,6090.075533,6057.993382,6017.568586,5981.285983,5944.71597,5911.466379,5867.445102,5831.191581,5794.688901,5758.059052,5672.00981
RM3CoCCS90HF,RD,Moderate,30,Coal,CCS90HighCF,6830.74789,6805.222602,6779.697313,6754.172024,6728.646735,6703.121446,6677.596158,6634.972957,6605.827268,6572.629542,6542.599782,6510.814243,6472.419468,6435.709826,6396.843553,6357.014613,6324.031544,6289.206416,6245.641798,6211.20996,6174.415578,6132.820912,6090.075533,6057.993382,6017.568586,5981.285983,5944.71597,5911.466379,5867.445102,5831.191581,5794.688901,5758.059052,5672.00981
RC3CoCCS90HF,RD,Conservative,30,Coal,CCS90HighCF,6830.74789,6805.222602,6779.697313,6754.172024,6728.646735,6703.121446,6677.596158,6634.972957,6605.827268,6572.629542,6542.599782,6510.814243,6472.419468,6435.709826,6396.843553,6357.014613,6324.031544,6289.206416,6245.641798,6211.20996,6174.415578,6132.820912,6090.075533,6057.993382,6017.568586,5981.285983,5944.71597,5911.466379,5867.445102,5831.191581,5794.688901,5758.059052,5672.00981
RA3NaCTAvgCF,RD,Advanced,30,NaturalGas,CTAvgCF,982.9624613,978.2840999,973.6057385,968.9273771,964.2490157,953.1682836,936.0356066,924.7229308,917.898618,910.5327481,905.7257571,902.4892853,897.9904103,894.1351137,890.0108879,885.3037238,881.9012196,879.4478402,876.1299962,874.0919439,871.7230858,868.674988,865.4594253,863.7591086,860.8705451,858.5736987,856.236349,854.3800812,850.9655211,848.6747106,846.3488642,844.0052967,834.3925348
RM3NaCTAvgCF,RD,Moderate,30,NaturalGas,CTAvgCF,982.9624613,978.2840999,973.6057385,968.9273771,964.2490157,953.1682836,936.0356066,924.7229308,917.898618,910.5327481,905.7257571,902.4892853,897.9904103,894.1351137,890.0108879,885.3037238,881.9012196,879.4478402,876.1299962,874.0919439,871.7230858,868.674988,865.4594253,863.7591086,860.8705451,858.5736987,856.236349,854.3800812,850.9655211,848.6747106,846.3488642,844.0052967,834.3925348
RC3NaCTAvgCF,RD,Conservative,30,NaturalGas,CTAvgCF,982.9624613,978.2840999,973.6057385,968.9273771,964.2490157,953.1682836,936.0356066,924.7229308,917.898618,910.5327481,905.7257571,902.4892853,897.9904103,894.1351137,890.0108879,885.3037238,881.9012196,879.4478402,876.1299962,874.0919439,871.7230858,868.674988,865.4594253,863.7591086,860.8705451,858.5736987,856.236349,854.3800812,850.9655211,848.6747106,846.3488642,844.0052967,834.3925348
RA3NaCTHighF,RD,Advanced,30,NaturalGas,CTHighCF,982.9624613,978.2840999,973.6057385,968.9273771,964.2490157,953.1682836,936.0356066,924.7229308,917.898618,910.5327481,905.7257571,902.4892853,897.9904103,894.1351137,890.0108879,885.3037238,881.9012196,879.4478402,876.1299962,874.0919439,871.7230858,868.674988,865.4594253,863.7591086,860.8705451,858.5736987,856.236349,854.3800812,850.9655211,848.6747106,846.3488642,844.0052967,834.3925348
RM3NaCTHighF,RD,Moderate,30,NaturalGas,CTHighCF,982.9624613,978.2840999,973.6057385,968.9273771,964.2490157,953.1682836,936.0356066,924.7229308,917.898618,910.5327481,905.7257571,902.4892853,897.9904103,894.1351137,890.0108879,885.3037238,881.9012196,879.4478402,876.1299962,874.0919439,871.7230858,868.674988,865.4594253,863.7591086,860.8705451,858.5736987,856.236349,854.3800812,850.9655211,848.6747106,846.3488642,844.0052967,834.3925348
RC3NaCTHighF,RD,Conservative,30,NaturalGas,CTHighCF,982.9624613,978.2840999,973.6057385,968.9273771,964.2490157,953.1682836,936.0356066,924.7229308,917.898618,910.5327481,905.7257571,902.4892853,897.9904103,894.1351137,890.0108879,885.3037238,881.9012196,879.4478402,876.1299962,874.0919439,871.7230858,868.674988,865.4594253,863.7591086,860.8705451,858.5736987,856.236349,854.3800812,850.9655211,848.6747106,846.3488642,844.0052967,834.3925348
RA3NaCCAvgCF,RD,Advanced,30,NaturalGas,CCAvgCF,1088.327739,1077.13417,1065.940601,1054.747032,1043.553463,1032.359894,1018.169642,1008.001936,1001.987541,995.3772256,990.9580485,987.7374481,983.2351768,979.3196554,975.1004686,970.3719652,966.9721654,964.264316,960.5047452,958.14821,955.4289208,951.9653304,948.3182869,946.3316572,943.0431611,940.4028182,937.7181262,935.5602188,931.6959972,929.0622076,926.3899459,923.6983795,913.052378
RM3NaCCAvgCF,RD,Moderate,30,NaturalGas,CCAvgCF,1088.327739,1077.13417,1065.940601,1054.747032,1043.553463,1032.359894,1018.169642,1008.001936,1001.987541,995.3772256,990.9580485,987.7374481,983.2351768,979.3196554,975.1004686,970.3719652,966.9721654,964.264316,960.5047452,958.14821,955.4289208,951.9653304,948.3182869,946.3316572,943.0431611,940.4028182,937.7181262,935.5602188,931.6959972,929.0622076,926.3899459,923.6983795,913.052378
RC3NaCCAvgCF,RD,Conservative,30,NaturalGas,CCAvgCF,1088.327739,1077.13417,1065.940601,1054.747032,1043.553463,1032.359894,1018.169642,1008.001936,1001.987541,995.3772256,990.9580485,987.7374481,983.2351768,979.3196554,975.1004686,970.3719652,966.9721654,964.264316,960.5047452,958.14821,955.4289208,951.9653304,948.3182869,946.3316572,943.0431611,940.4028182,937.7181262,935.5602188,931.6959972,929.0622076,926.3899459,923.6983795,913.052378
RA3NaCCHighF,RD,Advanced,30,NaturalGas,CCHighCF,1088.327739,1077.13417,1065.940601,1054.747032,1043.553463,1032.359894,1018.169642,1008.001936,1001.987541,995.3772256,990.9580485,987.7374481,983.2351768,979.3196554,975.1004686,970.3719652,966.9721654,964.264316,960.5047452,958.14821,955.4289208,951.9653304,948.3182869,946.3316572,943.0431611,940.4028182,937.7181262,935.5602188,931.6959972,929.0622076,926.3899459,923.6983795,913.052378
RM3NaCCHighF,RD,Moderate,30,NaturalGas,CCHighCF,1088.327739,1077.13417,1065.940601,1054.747032,1043.553463,1032.359894,1018.169642,1008.001936,1001.987541,995.3772256,990.9580485,987.7374481,983.2351768,979.3196554,975.1004686,970.3719652,966.9721654,964.264316,960.5047452,958.14821,955.4289208,951.9653304,948.3182869,946.3316572,943.0431611,940.4028182,937.7181262,935.5602188,931.6959972,929.0622076,926.3899459,923.6983795,913.052378
RC3NaCCHighF,RD,Conservative,30,NaturalGas,CCHighCF,1088.327739,1077.13417,1065.940601,1054.747032,1043.553463,1032.359894,1018.169642,1008.001936,1001.987541,995.3772256,990.9580485,987.7374481,983.2351768,979.3196554,975.1004686,970.3719652,966.9721654,964.264316,960.5047452,958.14821,955.4289208,951.9653304,948.3182869,946.3316572,943.0431611,940.4028182,937.7181262,935.5602188,931.6959972,929.0622076,926.3899459,923.6983795,913.052378
RA3NaCCCCSAF,RD,Advanced,30,NaturalGas,CCCCSAvgCF,2778.137662,2737.578812,2697.019962,2656.461111,2615.902261,2575.343411,2515.972108,2473.942808,2444.49171,2413.583906,2389.959285,2370.923737,2348.470888,2327.816517,2306.472064,2283.487106,2263.974994,2247.282552,2228.509452,2212.997134,2196.640858,2178.578727,2160.112688,2145.42892,2127.789768,2111.616099,2095.339389,2080.231123,2061.333219,2045.166746,2028.912372,2012.612554,1979.0682
RM3NaCCCCSAF,RD,Moderate,30,NaturalGas,CCCCSAvgCF,2778.137662,2737.578812,2697.019962,2656.461111,2615.902261,2575.343411,2515.972108,2473.942808,2444.49171,2413.583906,2389.959285,2370.923737,2348.470888,2327.816517,2306.472064,2283.487106,2263.974994,2247.282552,2228.509452,2212.997134,2196.640858,2178.578727,2160.112688,2145.42892,2127.789768,2111.616099,2095.339389,2080.231123,2061.333219,2045.166746,2028.912372,2012.612554,1979.0682
RC3NaCCCCSAF,RD,Conservative,30,NaturalGas,CCCCSAvgCF,2778.137662,2737.578812,2697.019962,2656.461111,2615.902261,2575.343411,2515.972108,2473.942808,2444.49171,2413.583906,2389.959285,2370.923737,2348.470888,2327.816517,2306.472064,2283.487106,2263.974994,2247.282552,2228.509452,2212.997134,2196.640858,2178.578727,2160.112688,2145.42892,2127.789768,2111.616099,2095.339389,2080.231123,2061.333219,2045.166746,2028.912372,2012.612554,1979.0682
RA3NaCCCCSHF,RD,Advanced,30,NaturalGas,CCCCSHighCF,2778.137662,2737.578812,2697.019962,2656.461111,2615.902261,2575.343411,2515.972108,2473.942808,2444.49171,2413.583906,2389.959285,2370.923737,2348.470888,2327.816517,2306.472064,2283.487106,2263.974994,2247.282552,2228.509452,2212.997134,2196.640858,2178.578727,2160.112688,2145.42892,2127.789768,2111.616099,2095.339389,2080.231123,2061.333219,2045.166746,2028.912372,2012.612554,1979.0682
RM3NaCCCCSHF,RD,Moderate,30,NaturalGas,CCCCSHighCF,2778.137662,2737.578812,2697.019962,2656.461111,2615.902261,2575.343411,2515.972108,2473.942808,2444.49171,2413.583906,2389.959285,2370.923737,2348.470888,2327.816517,2306.472064,2283.487106,2263.974994,2247.282552,2228.509452,2212.997134,2196.640858,2178.578727,2160.112688,2145.42892,2127.789768,2111.616099,2095.339389,2080.231123,2061.333219,2045.166746,2028.912372,2012.612554,1979.0682
RC3NaCCCCSHF,RD,Conservative,30,NaturalGas,CCCCSHighCF,2778.137662,2737.578812,2697.019962,2656.461111,2615.902261,2575.343411,2515.972108,2473.942808,2444.49171,2413.583906,2389.959285,2370.923737,2348.470888,2327.816517,2306.472064,2283.487106,2263.974994,2247.282552,2228.509452,2212.997134,2196.640858,2178.578727,2160.112688,2145.42892,2127.789768,2111.616099,2095.339389,2080.231123,2061.333219,2045.166746,2028.912372,2012.612554,1979.0682
RM3Nu**,RD,Moderate,30,Nuclear,*,7185.655064,7148.971054,7112.287043,7075.603033,7038.919022,7002.235012,6965.551002,6928.866991,6892.182981,6851.25896,6813.627803,6774.153953,6727.799801,6683.196044,6636.354205,6588.518303,6547.775054,6505.116815,6453.422787,6411.169307,6366.471755,6316.829929,6266.012271,6226.165915,6177.743968,6133.575949,6089.110473,6048.042075,5995.954067,5951.810213,5907.410077,5862.878896,5768.088584
RA3BiDedicad,RD,Advanced,30,Biopower,Dedicated,4348.079891,4335.18413,4322.288369,4309.392608,4296.496847,4283.601086,4270.705325,4246.878279,4231.679044,4213.890954,4198.139868,4181.269286,4160.157166,4140.12717,4118.709225,4096.670563,4079.044274,4060.234314,4035.779415,4017.224521,3997.143285,3973.953062,3950.010496,3932.984288,3910.544171,3890.794231,3870.857964,3853.088746,3828.295614,3808.567068,3788.67708,3768.70568,3716.355109
RM3BiDedicad,RD,Moderate,30,Biopower,Dedicated,4348.079891,4335.18413,4322.288369,4309.392608,4296.496847,4283.601086,4270.705325,4246.878279,4231.679044,4213.890954,4198.139868,4181.269286,4160.157166,4140.12717,4118.709225,4096.670563,4079.044274,4060.234314,4035.779415,4017.224521,3997.143285,3973.953062,3950.010496,3932.984288,3910.544171,3890.794231,3870.857964,3853.088746,3828.295614,3808.567068,3788.67708,3768.70568,3716.355109
RC3BiDedicad,RD,Conservative,30,Biopower,Dedicated,4348.079891,4335.18413,4322.288369,4309.392608,4296.496847,4283.601086,4270.705325,4246.878279,4231.679044,4213.890954,4198.139868,4181.269286,4160.157166,4140.12717,4118.709225,4096.670563,4079.044274,4060.234314,4035.779415,4017.224521,3997.143285,3973.953062,3950.010496,3932.984288,3910.544171,3890.794231,3870.857964,3853.088746,3828.295614,3808.567068,3788.67708,3768.70568,3716.355109
RA3BiCofired,RD,Advanced,30,Biopower,CofireOld,4234.770886,4229.358911,4223.946936,4218.534961,4213.122987,4207.711012,4202.299037,4187.00272,4179.528429,4169.715796,4161.766911,4152.810528,4139.989432,4128.15676,4115.053323,4101.375776,4091.75423,4081.050956,4065.140186,4054.674249,4042.800673,4028.041516,4012.573635,4003.539508,3989.462456,3977.895077,3966.15563,3956.452803,3940.15163,3928.608648,3916.916534,3905.149743,3862.675195
RM3BiCofired,RD,Moderate,30,Biopower,CofireOld,4234.770886,4229.358911,4223.946936,4218.534961,4213.122987,4207.711012,4202.299037,4187.00272,4179.528429,4169.715796,4161.766911,4152.810528,4139.989432,4128.15676,4115.053323,4101.375776,4091.75423,4081.050956,4065.140186,4054.674249,4042.800673,4028.041516,4012.573635,4003.539508,3989.462456,3977.895077,3966.15563,3956.452803,3940.15163,3928.608648,3916.916534,3905.149743,3862.675195
RC3BiCofired,RD,Conservative,30,Biopower,CofireOld,4234.770886,4229.358911,4223.946936,4218.534961,4213.122987,4207.711012,4202.299037,4187.00272,4179.528429,4169.715796,4161.766911,4152.810528,4139.989432,4128.15676,4115.053323,4101.375776,4091.75423,4081.050956,4065.140186,4054.674249,4042.800673,4028.041516,4012.573635,4003.539508,3989.462456,3977.895077,3966.15563,3956.452803,3940.15163,3928.608648,3916.916534,3905.149743,3862.675195
RA3BiCofirew,RD,Advanced,30,Biopower,CofireNew,4234.770886,4229.358911,4223.946936,4218.534961,4213.122987,4207.711012,4202.299037,4187.00272,4179.528429,4169.715796,4161.766911,4152.810528,4139.989432,4128.15676,4115.053323,4101.375776,4091.75423,4081.050956,4065.140186,4054.674249,4042.800673,4028.041516,4012.573635,4003.539508,3989.462456,3977.895077,3966.15563,3956.452803,3940.15163,3928.608648,3916.916534,3905.149743,3862.675195
RM3BiCofirew,RD,Moderate,30,Biopower,CofireNew,4234.770886,4229.358911,4223.946936,4218.534961,4213.122987,4207.711012,4202.299037,4187.00272,4179.528429,4169.715796,4161.766911,4152.810528,4139.989432,4128.15676,4115.053323,4101.375776,4091.75423,4081.050956,4065.140186,4054.674249,4042.800673,4028.041516,4012.573635,4003.539508,3989.462456,3977.895077,3966.15563,3956.452803,3940.15163,3928.608648,3916.916534,3905.149743,3862.675195
RC3BiCofirew,RD,Conservative,30,Biopower,CofireNew,4234.770886,4229.358911,4223.946936,4218.534961,4213.122987,4207.711012,4202.299037,4187.00272,4179.528429,4169.715796,4161.766911,4152.810528,4139.989432,4128.15676,4115.053323,4101.375776,4091.75423,4081.050956,4065.140186,4054.674249,4042.800673,4028.041516,4012.573635,4003.539508,3989.462456,3977.895077,3966.15563,3956.452803,3940.15163,3928.608648,3916.916534,3905.149743,3862.675195
RA3Ba4Hr Bae,RD,Advanced,30,Battery,4Hr Battery Storage,1633,1544,1203,1118,1033,949,864,779,737,695,652,610,567,556,545,534,523,512,501,490,479,467,456,445,434,423,412,401,390,379,368,356,345
RM3Ba4Hr Bae,RD,Moderate,30,Battery,4Hr Battery Storage,1633,1544,1455,1365,1274,1184,1094,1004,967,929,892,855,817,807,797,787,776,766,756,746,736,725,715,705,695,684,674,664,654,644,633,623,613
RC3Ba4Hr Bae,RD,Conservative,30,Battery,4Hr Battery Storage,1633,1544,1504,1463,1423,1382,1342,1301,1271,1240,1210,1180,1149,1135,1121,1106,1092,1077,1063,1049,1034,1020,1006,991,977,963,948,934,919,905,891,876,862
RA3Ba2Hr Bae,RD,Advanced,30,Battery,2Hr Battery Storage,963,910,709,659,609,559,509,459,434,409,384,359,334,328,321,315,308,302,295,289,282,276,269,262,256,249,243,236,230,223,217,210,204
RM3Ba2Hr Bae,RD,Moderate,30,Battery,2Hr Battery Storage,963,910,857,804,751,698,645,592,570,548,526,504,482,476,470,464,458,452,446,440,433,427,421,415,409,403,397,391,385,379,373,367,361
RC3Ba2Hr Bae,RD,Conservative,30,Battery,2Hr Battery Storage,963,910,886,862,838,815,791,767,749,731,713,695,677,669,660,652,644,635,627,618,610,601,593,584,576,567,559,550,542,533,525,517,508
RA3HyNPD11,RD,Advanced,30,Hydropower,NPD1,"6,473 ","6,473 ","6,473 ","6,473 ","6,473 ","6,473 ","6,473 ","6,473 ","6,473 ","6,473 ","6,473 ","6,473 ","6,473 ","6,473 ","6,473 ","6,473 ","6,473 ","6,473 ","6,473 ","6,473 ","6,473 ","6,473 ","6,473 ","6,473 ","6,473 ","6,473 ","6,473 ","6,473 ","6,473 ","6,473 ","6,473 ","6,473 ","6,473 "
RM3HyNPD11,RD,Moderate,30,Hydropower,NPD1,"6,673 ","6,673 ","6,673 ","6,673 ","6,673 ","6,673 ","6,673 ","6,673 ","6,673 ","6,673 ","6,673 ","6,673 ","6,673 ","6,673 ","6,673 ","6,673 ","6,673 ","6,673 ","6,673 ","6,673 ","6,673 ","6,673 ","6,673 ","6,673 ","6,673 ","6,673 ","6,673 ","6,673 ","6,673 ","6,673 ","6,673 ","6,673 ","6,673 "
RC3HyNPD11,RD,Conservative,30,Hydropower,NPD1,"6,673 ","6,673 ","6,673 ","6,673 ","6,673 ","6,673 ","6,673 ","6,673 ","6,673 ","6,673 ","6,673 ","6,673 ","6,673 ","6,673 ","6,673 ","6,673 ","6,673 ","6,673 ","6,673 ","6,673 ","6,673 ","6,673 ","6,673 ","6,673 ","6,673 ","6,673 ","6,673 ","6,673 ","6,673 ","6,673 ","6,673 ","6,673 ","6,673 "
RA3HyNPD22,RD,Advanced,30,Hydropower,NPD2,"5,891 ","5,891 ","5,891 ","5,891 ","5,891 ","5,891 ","5,891 ","5,891 ","5,891 ","5,891 ","5,891 ","5,891 ","5,891 ","5,891 ","5,891 ","5,891 ","5,891 ","5,891 ","5,891 ","5,891 ","5,891 ","5,891 ","5,891 ","5,891 ","5,891 ","5,891 ","5,891 ","5,891 ","5,891 ","5,891 ","5,891 ","5,891 ","5,891 "
RM3HyNPD22,RD,Moderate,30,Hydropower,NPD2,"6,074 ","6,074 ","6,074 ","6,074 ","6,074 ","6,074 ","6,074 ","6,074 ","6,074 ","6,074 ","6,074 ","6,074 ","6,074 ","6,074 ","6,074 ","6,074 ","6,074 ","6,074 ","6,074 ","6,074 ","6,074 ","6,074 ","6,074 ","6,074 ","6,074 ","6,074 ","6,074 ","6,074 ","6,074 ","6,074 ","6,074 ","6,074 ","6,074 "
RC3HyNPD22,RD,Conservative,30,Hydropower,NPD2,"6,074 ","6,074 ","6,074 ","6,074 ","6,074 ","6,074 ","6,074 ","6,074 ","6,074 ","6,074 ","6,074 ","6,074 ","6,074 ","6,074 ","6,074 ","6,074 ","6,074 ","6,074 ","6,074 ","6,074 ","6,074 ","6,074 ","6,074 ","6,074 ","6,074 ","6,074 ","6,074 ","6,074 ","6,074 ","6,074 ","6,074 ","6,074 ","6,074 "
RA3HyNPD33,RD,Advanced,30,Hydropower,NPD3,"4,357 ","4,357 ","4,357 ","4,357 ","4,357 ","4,357 ","4,357 ","4,357 ","4,357 ","4,357 ","4,357 ","4,357 ","4,357 ","4,357 ","4,357 ","4,357 ","4,357 ","4,357 ","4,357 ","4,357 ","4,357 ","4,357 ","4,357 ","4,357 ","4,357 ","4,357 ","4,357 ","4,357 ","4,357 ","4,357 ","4,357 ","4,357 ","4,357 "
RM3HyNPD33,RD,Moderate,30,Hydropower,NPD3,"4,469 ","4,469 ","4,469 ","4,469 ","4,469 ","4,469 ","4,469 ","4,469 ","4,469 ","4,469 ","4,469 ","4,469 ","4,469 ","4,469 ","4,469 ","4,469 ","4,469 ","4,469 ","4,469 ","4,469 ","4,469 ","4,469 ","4,469 ","4,469 ","4,469 ","4,469 ","4,469 ","4,469 ","4,469 ","4,469 ","4,469 ","4,469 ","4,469 "
RC3HyNPD33,RD,Conservative,30,Hydropower,NPD3,"4,469 ","4,469 ","4,469 ","4,469 ","4,469 ","4,469 ","4,469 ","4,469 ","4,469 ","4,469 ","4,469 ","4,469 ","4,469 ","4,469 ","4,469 ","4,469 ","4,469 ","4,469 ","4,469 ","4,469 ","4,469 ","4,469 ","4,469 ","4,469 ","4,469 ","4,469 ","4,469 ","4,469 ","4,469 ","4,469 ","4,469 ","4,469 ","4,469 "
RA3HyNPD44,RD,Advanced,30,Hydropower,NPD4,"4,108 ","4,108 ","4,108 ","4,108 ","4,108 ","4,108 ","4,108 ","4,108 ","4,108 ","4,108 ","4,108 ","4,108 ","4,108 ","4,108 ","4,108 ","4,108 ","4,108 ","4,108 ","4,108 ","4,108 ","4,108 ","4,108 ","4,108 ","4,108 ","4,108 ","4,108 ","4,108 ","4,108 ","4,108 ","4,108 ","4,108 ","4,108 ","4,108 "
RM3HyNPD44,RD,Moderate,30,Hydropower,NPD4,"4,213 ","4,213 ","4,213 ","4,213 ","4,213 ","4,213 ","4,213 ","4,213 ","4,213 ","4,213 ","4,213 ","4,213 ","4,213 ","4,213 ","4,213 ","4,213 ","4,213 ","4,213 ","4,213 ","4,213 ","4,213 ","4,213 ","4,213 ","4,213 ","4,213 ","4,213 ","4,213 ","4,213 ","4,213 ","4,213 ","4,213 ","4,213 ","4,213 "
RC3HyNPD44,RD,Conservative,30,Hydropower,NPD4,"4,213 ","4,213 ","4,213 ","4,213 ","4,213 ","4,213 ","4,213 ","4,213 ","4,213 ","4,213 ","4,213 ","4,213 ","4,213 ","4,213 ","4,213 ","4,213 ","4,213 ","4,213 ","4,213 ","4,213 ","4,213 ","4,213 ","4,213 ","4,213 ","4,213 ","4,213 ","4,213 ","4,213 ","4,213 ","4,213 ","4,213 ","4,213 ","4,213 "
RA3HyNSD11,RD,Advanced,30,Hydropower,NSD1,"7,628 ","7,628 ","7,628 ","7,628 ","7,628 ","7,628 ","7,628 ","7,628 ","7,628 ","7,628 ","7,628 ","7,628 ","7,628 ","7,628 ","7,628 ","7,628 ","7,628 ","7,628 ","7,628 ","7,628 ","7,628 ","7,628 ","7,628 ","7,628 ","7,628 ","7,628 ","7,628 ","7,628 ","7,628 ","7,628 ","7,628 ","7,628 ","7,628 "
RM3HyNSD11,RD,Moderate,30,Hydropower,NSD1,"7,824 ","7,824 ","7,824 ","7,824 ","7,824 ","7,824 ","7,824 ","7,824 ","7,824 ","7,824 ","7,824 ","7,824 ","7,824 ","7,824 ","7,824 ","7,824 ","7,824 ","7,824 ","7,824 ","7,824 ","7,824 ","7,824 ","7,824 ","7,824 ","7,824 ","7,824 ","7,824 ","7,824 ","7,824 ","7,824 ","7,824 ","7,824 ","7,824 "
RC3HyNSD11,RD,Conservative,30,Hydropower,NSD1,"7,864 ","7,864 ","7,864 ","7,864 ","7,864 ","7,864 ","7,864 ","7,864 ","7,864 ","7,864 ","7,864 ","7,864 ","7,864 ","7,864 ","7,864 ","7,864 ","7,864 ","7,864 ","7,864 ","7,864 ","7,864 ","7,864 ","7,864 ","7,864 ","7,864 ","7,864 ","7,864 ","7,864 ","7,864 ","7,864 ","7,864 ","7,864 ","7,864 "
RA3HyNSD22,RD,Advanced,30,Hydropower,NSD2,"6,810 ","6,810 ","6,810 ","6,810 ","6,810 ","6,810 ","6,810 ","6,810 ","6,810 ","6,810 ","6,810 ","6,810 ","6,810 ","6,810 ","6,810 ","6,810 ","6,810 ","6,810 ","6,810 ","6,810 ","6,810 ","6,810 ","6,810 ","6,810 ","6,810 ","6,810 ","6,810 ","6,810 ","6,810 ","6,810 ","6,810 ","6,810 ","6,810 "
RM3HyNSD22,RD,Moderate,30,Hydropower,NSD2,"6,984 ","6,984 ","6,984 ","6,984 ","6,984 ","6,984 ","6,984 ","6,984 ","6,984 ","6,984 ","6,984 ","6,984 ","6,984 ","6,984 ","6,984 ","6,984 ","6,984 ","6,984 ","6,984 ","6,984 ","6,984 ","6,984 ","6,984 ","6,984 ","6,984 ","6,984 ","6,984 ","6,984 ","6,984 ","6,984 ","6,984 ","6,984 ","6,984 "
RC3HyNSD22,RD,Conservative,30,Hydropower,NSD2,"7,020 ","7,020 ","7,020 ","7,020 ","7,020 ","7,020 ","7,020 ","7,020 ","7,020 ","7,020 ","7,020 ","7,020 ","7,020 ","7,020 ","7,020 ","7,020 ","7,020 ","7,020 ","7,020 ","7,020 ","7,020 ","7,020 ","7,020 ","7,020 ","7,020 ","7,020 ","7,020 ","7,020 ","7,020 ","7,020 ","7,020 ","7,020 ","7,020 "
RA3HyNSD33,RD,Advanced,30,Hydropower,NSD3,"6,670 ","6,670 ","6,670 ","6,670 ","6,670 ","6,670 ","6,670 ","6,670 ","6,670 ","6,670 ","6,670 ","6,670 ","6,670 ","6,670 ","6,670 ","6,670 ","6,670 ","6,670 ","6,670 ","6,670 ","6,670 ","6,670 ","6,670 ","6,670 ","6,670 ","6,670 ","6,670 ","6,670 ","6,670 ","6,670 ","6,670 ","6,670 ","6,670 "
RM3HyNSD33,RD,Moderate,30,Hydropower,NSD3,"6,841 ","6,841 ","6,841 ","6,841 ","6,841 ","6,841 ","6,841 ","6,841 ","6,841 ","6,841 ","6,841 ","6,841 ","6,841 ","6,841 ","6,841 ","6,841 ","6,841 ","6,841 ","6,841 ","6,841 ","6,841 ","6,841 ","6,841 ","6,841 ","6,841 ","6,841 ","6,841 ","6,841 ","6,841 ","6,841 ","6,841 ","6,841 ","6,841 "
RC3HyNSD33,RD,Conservative,30,Hydropower,NSD3,"6,876 ","6,876 ","6,876 ","6,876 ","6,876 ","6,876 ","6,876 ","6,876 ","6,876 ","6,876 ","6,876 ","6,876 ","6,876 ","6,876 ","6,876 ","6,876 ","6,876 ","6,876 ","6,876 ","6,876 ","6,876 ","6,876 ","6,876 ","6,876 ","6,876 ","6,876 ","6,876 ","6,876 ","6,876 ","6,876 ","6,876 ","6,876 ","6,876 "
RA3HyNSD44,RD,Advanced,30,Hydropower,NSD4,"6,004 ","6,004 ","6,004 ","6,004 ","6,004 ","6,004 ","6,004 ","6,004 ","6,004 ","6,004 ","6,004 ","6,004 ","6,004 ","6,004 ","6,004 ","6,004 ","6,004 ","6,004 ","6,004 ","6,004 ","6,004 ","6,004 ","6,004 ","6,004 ","6,004 ","6,004 ","6,004 ","6,004 ","6,004 ","6,004 ","6,004 ","6,004 ","6,004 "
RM3HyNSD44,RD,Moderate,30,Hydropower,NSD4,"6,158 ","6,158 ","6,158 ","6,158 ","6,158 ","6,158 ","6,158 ","6,158 ","6,158 ","6,158 ","6,158 ","6,158 ","6,158 ","6,158 ","6,158 ","6,158 ","6,158 ","6,158 ","6,158 ","6,158 ","6,158 ","6,158 ","6,158 ","6,158 ","6,158 ","6,158 ","6,158 ","6,158 ","6,158 ","6,158 ","6,158 ","6,158 ","6,158 "
RC3HyNSD44,RD,Conservative,30,Hydropower,NSD4,"6,190 ","6,190 ","6,190 ","6,190 ","6,190 ","6,190 ","6,190 ","6,190 ","6,190 ","6,190 ","6,190 ","6,190 ","6,190 ","6,190 ","6,190 ","6,190 ","6,190 ","6,190 ","6,190 ","6,190 ","6,190 ","6,190 ","6,190 ","6,190 ","6,190 ","6,190 ","6,190 ","6,190 ","6,190 ","6,190 ","6,190 ","6,190 ","6,190 "
,,,,,,,,,,,,,,,,,,,,,,,,,,,,,,,,,,,,,,
,,,,,,,,,,,,,,,,,,,,,,,,,,,,,,,,,,,,,,
,,,,,,,,,,,,,,,,,,,,,,,,,,,,,,,,,,,,,,
,,,,,,,,,,,,,,,,,,,,,,,,,,,,,,,,,,,,,,
,,,,,,,,,,,,,,,,,,,,,,,,,,,,,,,,,,,,,,
,,,,,,,,,,,,,,,,,,,,,,,,,,,,,,,,,,,,,,
,,,,,,,,,,,,,,,,,,,,,,,,,,,,,,,,,,,,,,
,,,,,,,,,,,,,,,,,,,,,,,,,,,,,,,,,,,,,,
,,,,,,,,,,,,,,,,,,,,,,,,,,,,,,,,,,,,,,
,,,,,,,,,,,,,,,,,,,,,,,,,,,,,,,,,,,,,,
,,,,,,,,,,,,,,,,,,,,,,,,,,,,,,,,,,,,,,
,,,,,,,,,,,,,,,,,,,,,,,,,,,,,,,,,,,,,,
,,,,,,,,,,,,,,,,,,,,,,,,,,,,,,,,,,,,,,
,,,,,,,,,,,,,,,,,,,,,,,,,,,,,,,,,,,,,,
,,,,,,,,,,,,,,,,,,,,,,,,,,,,,,,,,,,,,,
,,,,,,,,,,,,,,,,,,,,,,,,,,,,,,,,,,,,,,
,,,,,,,,,,,,,,,,,,,,,,,,,,,,,,,,,,,,,,
,,,,,,,,,,,,,,,,,,,,,,,,,,,,,,,,,,,,,,
,,,,,,,,,,,,,,,,,,,,,,,,,,,,,,,,,,,,,,
,,,,,,,,,,,,,,,,,,,,,,,,,,,,,,,,,,,,,,
,,,,,,,,,,,,,,,,,,,,,,,,,,,,,,,,,,,,,,
,,,,,,,,,,,,,,,,,,,,,,,,,,,,,,,,,,,,,,
,,,,,,,,,,,,,,,,,,,,,,,,,,,,,,,,,,,,,,
,,,,,,,,,,,,,,,,,,,,,,,,,,,,,,,,,,,,,,
,,,,,,,,,,,,,,,,,,,,,,,,,,,,,,,,,,,,,,
,,,,,,,,,,,,,,,,,,,,,,,,,,,,,,,,,,,,,,
,,,,,,,,,,,,,,,,,,,,,,,,,,,,,,,,,,,,,,
,,,,,,,,,,,,,,,,,,,,,,,,,,,,,,,,,,,,,,
,,,,,,,,,,,,,,,,,,,,,,,,,,,,,,,,,,,,,,
,,,,,,,,,,,,,,,,,,,,,,,,,,,,,,,,,,,,,,
,,,,,,,,,,,,,,,,,,,,,,,,,,,,,,,,,,,,,,
,,,,,,,,,,,,,,,,,,,,,,,,,,,,,,,,,,,,,,
,,,,,,,,,,,,,,,,,,,,,,,,,,,,,,,,,,,,,,
,,,,,,,,,,,,,,,,,,,,,,,,,,,,,,,,,,,,,,
,,,,,,,,,,,,,,,,,,,,,,,,,,,,,,,,,,,,,,
,,,,,,,,,,,,,,,,,,,,,,,,,,,,,,,,,,,,,,
,,,,,,,,,,,,,,,,,,,,,,,,,,,,,,,,,,,,,,
,,,,,,,,,,,,,,,,,,,,,,,,,,,,,,,,,,,,,,
,,,,,,,,,,,,,,,,,,,,,,,,,,,,,,,,,,,,,,
,,,,,,,,,,,,,,,,,,,,,,,,,,,,,,,,,,,,,,
,,,,,,,,,,,,,,,,,,,,,,,,,,,,,,,,,,,,,,
,,,,,,,,,,,,,,,,,,,,,,,,,,,,,,,,,,,,,,
,,,,,,,,,,,,,,,,,,,,,,,,,,,,,,,,,,,,,,
,,,,,,,,,,,,,,,,,,,,,,,,,,,,,,,,,,,,,,
,,,,,,,,,,,,,,,,,,,,,,,,,,,,,,,,,,,,,,
,,,,,,,,,,,,,,,,,,,,,,,,,,,,,,,,,,,,,,
,,,,,,,,,,,,,,,,,,,,,,,,,,,,,,,,,,,,,,
,,,,,,,,,,,,,,,,,,,,,,,,,,,,,,,,,,,,,,
,,,,,,,,,,,,,,,,,,,,,,,,,,,,,,,,,,,,,,
,,,,,,,,,,,,,,,,,,,,,,,,,,,,,,,,,,,,,,
,,,,,,,,,,,,,,,,,,,,,,,,,,,,,,,,,,,,,,
,,,,,,,,,,,,,,,,,,,,,,,,,,,,,,,,,,,,,,
,,,,,,,,,,,,,,,,,,,,,,,,,,,,,,,,,,,,,,
,,,,,,,,,,,,,,,,,,,,,,,,,,,,,,,,,,,,,,
,,,,,,,,,,,,,,,,,,,,,,,,,,,,,,,,,,,,,,
,,,,,,,,,,,,,,,,,,,,,,,,,,,,,,,,,,,,,,
,,,,,,,,,,,,,,,,,,,,,,,,,,,,,,,,,,,,,,
,,,,,,,,,,,,,,,,,,,,,,,,,,,,,,,,,,,,,,
,,,,,,,,,,,,,,,,,,,,,,,,,,,,,,,,,,,,,,
,,,,,,,,,,,,,,,,,,,,,,,,,,,,,,,,,,,,,,
,,,,,,,,,,,,,,,,,,,,,,,,,,,,,,,,,,,,,,
,,,,,,,,,,,,,,,,,,,,,,,,,,,,,,,,,,,,,,
,,,,,,,,,,,,,,,,,,,,,,,,,,,,,,,,,,,,,,
,,,,,,,,,,,,,,,,,,,,,,,,,,,,,,,,,,,,,,
,,,,,,,,,,,,,,,,,,,,,,,,,,,,,,,,,,,,,,
,,,,,,,,,,,,,,,,,,,,,,,,,,,,,,,,,,,,,,
,,,,,,,,,,,,,,,,,,,,,,,,,,,,,,,,,,,,,,
,,,,,,,,,,,,,,,,,,,,,,,,,,,,,,,,,,,,,,
,,,,,,,,,,,,,,,,,,,,,,,,,,,,,,,,,,,,,,
,,,,,,,,,,,,,,,,,,,,,,,,,,,,,,,,,,,,,,
,,,,,,,,,,,,,,,,,,,,,,,,,,,,,,,,,,,,,,
,,,,,,,,,,,,,,,,,,,,,,,,,,,,,,,,,,,,,,
,,,,,,,,,,,,,,,,,,,,,,,,,,,,,,,,,,,,,,
,,,,,,,,,,,,,,,,,,,,,,,,,,,,,,,,,,,,,,
,,,,,,,,,,,,,,,,,,,,,,,,,,,,,,,,,,,,,,
,,,,,,,,,,,,,,,,,,,,,,,,,,,,,,,,,,,,,,
,,,,,,,,,,,,,,,,,,,,,,,,,,,,,,,,,,,,,,
,,,,,,,,,,,,,,,,,,,,,,,,,,,,,,,,,,,,,,
,,,,,,,,,,,,,,,,,,,,,,,,,,,,,,,,,,,,,,
,,,,,,,,,,,,,,,,,,,,,,,,,,,,,,,,,,,,,,
,,,,,,,,,,,,,,,,,,,,,,,,,,,,,,,,,,,,,,
,,,,,,,,,,,,,,,,,,,,,,,,,,,,,,,,,,,,,,
,,,,,,,,,,,,,,,,,,,,,,,,,,,,,,,,,,,,,,
,,,,,,,,,,,,,,,,,,,,,,,,,,,,,,,,,,,,,,
,,,,,,,,,,,,,,,,,,,,,,,,,,,,,,,,,,,,,,
,,,,,,,,,,,,,,,,,,,,,,,,,,,,,,,,,,,,,,
,,,,,,,,,,,,,,,,,,,,,,,,,,,,,,,,,,,,,,
,,,,,,,,,,,,,,,,,,,,,,,,,,,,,,,,,,,,,,
,,,,,,,,,,,,,,,,,,,,,,,,,,,,,,,,,,,,,,
,,,,,,,,,,,,,,,,,,,,,,,,,,,,,,,,,,,,,,
,,,,,,,,,,,,,,,,,,,,,,,,,,,,,,,,,,,,,,
,,,,,,,,,,,,,,,,,,,,,,,,,,,,,,,,,,,,,,
,,,,,,,,,,,,,,,,,,,,,,,,,,,,,,,,,,,,,,
,,,,,,,,,,,,,,,,,,,,,,,,,,,,,,,,,,,,,,
,,,,,,,,,,,,,,,,,,,,,,,,,,,,,,,,,,,,,,
,,,,,,,,,,,,,,,,,,,,,,,,,,,,,,,,,,,,,,
,,,,,,,,,,,,,,,,,,,,,,,,,,,,,,,,,,,,,,
,,,,,,,,,,,,,,,,,,,,,,,,,,,,,,,,,,,,,,
,,,,,,,,,,,,,,,,,,,,,,,,,,,,,,,,,,,,,,
,,,,,,,,,,,,,,,,,,,,,,,,,,,,,,,,,,,,,,
,,,,,,,,,,,,,,,,,,,,,,,,,,,,,,,,,,,,,,
,,,,,,,,,,,,,,,,,,,,,,,,,,,,,,,,,,,,,,
,,,,,,,,,,,,,,,,,,,,,,,,,,,,,,,,,,,,,,
,,,,,,,,,,,,,,,,,,,,,,,,,,,,,,,,,,,,,,
,,,,,,,,,,,,,,,,,,,,,,,,,,,,,,,,,,,,,,
,,,,,,,,,,,,,,,,,,,,,,,,,,,,,,,,,,,,,,
,,,,,,,,,,,,,,,,,,,,,,,,,,,,,,,,,,,,,,
,,,,,,,,,,,,,,,,,,,,,,,,,,,,,,,,,,,,,,
,,,,,,,,,,,,,,,,,,,,,,,,,,,,,,,,,,,,,,
,,,,,,,,,,,,,,,,,,,,,,,,,,,,,,,,,,,,,,
,,,,,,,,,,,,,,,,,,,,,,,,,,,,,,,,,,,,,,
,,,,,,,,,,,,,,,,,,,,,,,,,,,,,,,,,,,,,,
,,,,,,,,,,,,,,,,,,,,,,,,,,,,,,,,,,,,,,
,,,,,,,,,,,,,,,,,,,,,,,,,,,,,,,,,,,,,,
,,,,,,,,,,,,,,,,,,,,,,,,,,,,,,,,,,,,,,
,,,,,,,,,,,,,,,,,,,,,,,,,,,,,,,,,,,,,,
,,,,,,,,,,,,,,,,,,,,,,,,,,,,,,,,,,,,,,
,,,,,,,,,,,,,,,,,,,,,,,,,,,,,,,,,,,,,,
,,,,,,,,,,,,,,,,,,,,,,,,,,,,,,,,,,,,,,
,,,,,,,,,,,,,,,,,,,,,,,,,,,,,,,,,,,,,,
,,,,,,,,,,,,,,,,,,,,,,,,,,,,,,,,,,,,,,
,,,,,,,,,,,,,,,,,,,,,,,,,,,,,,,,,,,,,,
,,,,,,,,,,,,,,,,,,,,,,,,,,,,,,,,,,,,,,
,,,,,,,,,,,,,,,,,,,,,,,,,,,,,,,,,,,,,,
,,,,,,,,,,,,,,,,,,,,,,,,,,,,,,,,,,,,,,
,,,,,,,,,,,,,,,,,,,,,,,,,,,,,,,,,,,,,,
,,,,,,,,,,,,,,,,,,,,,,,,,,,,,,,,,,,,,,
,,,,,,,,,,,,,,,,,,,,,,,,,,,,,,,,,,,,,,
,,,,,,,,,,,,,,,,,,,,,,,,,,,,,,,,,,,,,,
,,,,,,,,,,,,,,,,,,,,,,,,,,,,,,,,,,,,,,
,,,,,,,,,,,,,,,,,,,,,,,,,,,,,,,,,,,,,,
,,,,,,,,,,,,,,,,,,,,,,,,,,,,,,,,,,,,,,
,,,,,,,,,,,,,,,,,,,,,,,,,,,,,,,,,,,,,,
,,,,,,,,,,,,,,,,,,,,,,,,,,,,,,,,,,,,,,
,,,,,,,,,,,,,,,,,,,,,,,,,,,,,,,,,,,,,,
,,,,,,,,,,,,,,,,,,,,,,,,,,,,,,,,,,,,,,
,,,,,,,,,,,,,,,,,,,,,,,,,,,,,,,,,,,,,,
,,,,,,,,,,,,,,,,,,,,,,,,,,,,,,,,,,,,,,
,,,,,,,,,,,,,,,,,,,,,,,,,,,,,,,,,,,,,,
,,,,,,,,,,,,,,,,,,,,,,,,,,,,,,,,,,,,,,
,,,,,,,,,,,,,,,,,,,,,,,,,,,,,,,,,,,,,,
,,,,,,,,,,,,,,,,,,,,,,,,,,,,,,,,,,,,,,
,,,,,,,,,,,,,,,,,,,,,,,,,,,,,,,,,,,,,,
,,,,,,,,,,,,,,,,,,,,,,,,,,,,,,,,,,,,,,
,,,,,,,,,,,,,,,,,,,,,,,,,,,,,,,,,,,,,,
,,,,,,,,,,,,,,,,,,,,,,,,,,,,,,,,,,,,,,
,,,,,,,,,,,,,,,,,,,,,,,,,,,,,,,,,,,,,,
,,,,,,,,,,,,,,,,,,,,,,,,,,,,,,,,,,,,,,
,,,,,,,,,,,,,,,,,,,,,,,,,,,,,,,,,,,,,,
,,,,,,,,,,,,,,,,,,,,,,,,,,,,,,,,,,,,,,
,,,,,,,,,,,,,,,,,,,,,,,,,,,,,,,,,,,,,,
,,,,,,,,,,,,,,,,,,,,,,,,,,,,,,,,,,,,,,
,,,,,,,,,,,,,,,,,,,,,,,,,,,,,,,,,,,,,,
,,,,,,,,,,,,,,,,,,,,,,,,,,,,,,,,,,,,,,
,,,,,,,,,,,,,,,,,,,,,,,,,,,,,,,,,,,,,,
,,,,,,,,,,,,,,,,,,,,,,,,,,,,,,,,,,,,,,
,,,,,,,,,,,,,,,,,,,,,,,,,,,,,,,,,,,,,,
,,,,,,,,,,,,,,,,,,,,,,,,,,,,,,,,,,,,,,
,,,,,,,,,,,,,,,,,,,,,,,,,,,,,,,,,,,,,,
,,,,,,,,,,,,,,,,,,,,,,,,,,,,,,,,,,,,,,
,,,,,,,,,,,,,,,,,,,,,,,,,,,,,,,,,,,,,,
,,,,,,,,,,,,,,,,,,,,,,,,,,,,,,,,,,,,,,
,,,,,,,,,,,,,,,,,,,,,,,,,,,,,,,,,,,,,,
,,,,,,,,,,,,,,,,,,,,,,,,,,,,,,,,,,,,,,
,,,,,,,,,,,,,,,,,,,,,,,,,,,,,,,,,,,,,,
,,,,,,,,,,,,,,,,,,,,,,,,,,,,,,,,,,,,,,
,,,,,,,,,,,,,,,,,,,,,,,,,,,,,,,,,,,,,,
,,,,,,,,,,,,,,,,,,,,,,,,,,,,,,,,,,,,,,
,,,,,,,,,,,,,,,,,,,,,,,,,,,,,,,,,,,,,,
,,,,,,,,,,,,,,,,,,,,,,,,,,,,,,,,,,,,,,
,,,,,,,,,,,,,,,,,,,,,,,,,,,,,,,,,,,,,,
,,,,,,,,,,,,,,,,,,,,,,,,,,,,,,,,,,,,,,
,,,,,,,,,,,,,,,,,,,,,,,,,,,,,,,,,,,,,,
,,,,,,,,,,,,,,,,,,,,,,,,,,,,,,,,,,,,,,
,,,,,,,,,,,,,,,,,,,,,,,,,,,,,,,,,,,,,,
,,,,,,,,,,,,,,,,,,,,,,,,,,,,,,,,,,,,,,
,,,,,,,,,,,,,,,,,,,,,,,,,,,,,,,,,,,,,,
,,,,,,,,,,,,,,,,,,,,,,,,,,,,,,,,,,,,,,
,,,,,,,,,,,,,,,,,,,,,,,,,,,,,,,,,,,,,,